step	time	T	T-cg	T-at	Ekin	res	angle_255	angle_256	angle_257	angle_258	angle_259	angle_260	angle_261	angle_262	angle_263	angle_264	angle_265	angle_266	angle_267	angle_268	angle_269	angle_270	angle_271	angle_272	angle_273	angle_274	angle_275	angle_276	angle_277	angle_278	angle_279	angle_280	angle_281	angle_282	angle_283	angle_284	angle_285	angle_286	angle_287	angle_288	angle_289	angle_290	angle_291	angle_292	angle_293	angle_294	angle_295	angle_296	angle_297	angle_298	angle_299	angle_300	angle_301	angle_302	angle_303	angle_304	angle_305	angle_306	angle_307	angle_308	angle_309	angle_310	angle_311	angle_312	angle_313	angle_314	angle_315	angle_316_cross	angle_317_cross	angle_318_cross	angle_319_cross	angle_320_cross	angle_321_cross	angle_322_cross	angle_323_cross	angle_324_cross	angle_325_cross	angle_326_cross	bond_129	bond_130	bond_131	bond_132	bond_133	bond_134	bond_135	bond_136	bond_137	bond_138	bond_138_cross	bond_139	bond_140	bond_141	bond_142	bond_143	bond_144	bond_145	bond_146	bond_147	bond_148	bond_149_cross	bond_150_cross	bond_35	dihedral_0	dihedral_0_cross	dihedral_176	dihedral_190	dihedral_191	dihedral_30_cross	dihedral_51	dihedral_60	dihedral_61	dihedral_61_cross	dihedral_64_cross	lj	lj-tab
2250	2.25	3.1883	2.47525	3.27121	32138.1	0.249	350.116	355.117	308.7	329.984	272.484	243.477	223.263	249.195	224.669	233.793	207.548	228.938	273.585	249.887	250.878	236.25	242.934	229.723	222.356	215.909	233.103	211.077	250.781	207.258	245.549	260.251	299.019	368.318	319.818	463.216	259.621	116.984	94.8479	46.3612	37.4154	55.4943	56.1293	34.834	216.68	18.1058	79.7422	114.278	162.131	227.064	266.653	244.22	111.475	165.331	197.011	153.13	174.711	188.955	206.835	238.712	216.165	266.05	286.495	179.667	156.94	184.987	202.232	341.835	252.772	241.36	322.431	324.707	316.933	2491.03	45.5475	36.9282	42.9648	19.0151	294.979	730.758	1209.81	692.297	1182.18	1135.04	1194.05	578.319	477.282	85.3545	69.9255	32.5129	95.1913	27.165	537.248	157.44	682.184	1919.98	172.46	384.696	156.151	578.367	5659.18	534.318	0	0	-520.567	242.75	596.949	1553.78	4560.6	1677.14	1129.72	82.2948	620.329	7567.77	-2126.29
2500	2.5	2.62387	2.47525	2.64116	26448.7	0.499	329.187	271.86	255.352	292.577	167.682	236.153	247.208	246.584	198.189	168.623	220.5	176.618	249.521	187.965	188.607	239.29	234.225	219.252	201.612	238.462	205.332	201.5	220.22	211.737	209.435	210.699	326.671	279.393	245.12	309.01	263.523	94.6348	62.417	21.3338	21.5063	15.6436	18.9149	32.4763	243.912	20.9422	92.9254	54.6994	146.006	210.052	300.65	268.392	99.7971	139.97	135.03	108.275	137.934	199.869	135.319	150.991	163.049	180.213	264.965	171.634	124.245	175.04	168.245	211.697	182.54	203.926	226.939	273.287	202.901	2057.88	45.9054	19.2006	16.7646	21.8175	241.992	539.26	1034.05	700.458	1825.67	1440.26	1109.76	420.321	271.868	63.5332	84.4193	38.3396	72.9956	43.7889	511.991	114.135	776.92	2978.13	142.184	210.563	130.524	509.997	4771.3	444.62	0	0	-519.734	86.3376	578.177	1444.97	4570.98	1694.36	1094.46	59.7726	636.094	3323.86	-1718.34
2750	2.75	2.56703	2.47525	2.5777	25875.7	0.749	253.539	280.925	301.657	288.133	194.869	247.562	192.657	227.131	161.819	172.378	195.927	187.858	259.853	242.722	191.829	200.822	194.526	168.505	194.123	196.023	204.502	195.965	186.653	191.169	216.426	225.133	274.828	240.578	240.571	360.875	231.618	79.097	72.2216	18.9331	44.3619	26.7706	32.3555	29.8122	196.406	32.5626	69.8033	160.234	192.974	197.375	317.997	312.604	97.134	115.822	163.25	126.38	140.457	190.37	162.474	164.196	155.878	179.149	267.065	151.898	153.406	117.638	167.989	269.931	220.225	247.523	164.624	259.938	182.269	1779.75	43.2082	28.4406	14.2458	32.0845	232.005	519.252	953.232	638.228	2479.66	1363.31	1008.13	409.994	253.293	24.2379	49.9378	12.6974	83.6196	10.7121	467.957	108.338	803.38	4196	134.716	271.11	116.191	415.628	4616.99	466.347	0	0	-527.47	65.0084	563.899	1459.92	4580.36	1672.59	1127	61.4277	627.816	-6077.74	-1017.84
3000	3	2.50717	2.47525	2.51088	25272.3	0.999	315.174	236.327	289.521	256.01	189.287	281	221.104	251.899	201.347	200.43	197.035	183.806	298.799	211.231	207.336	196.092	228.78	219.452	178.44	224.165	184.281	212.898	244.293	189.093	227.016	216.871	278.635	272.257	234.846	332.282	214.987	83.7189	113.169	25.9322	17.3696	10.0595	25.0827	26.1216	229.364	19.4239	73.8534	87.8377	162.247	217.596	409.844	318.756	122.414	139.374	157.816	123.604	154.402	183.952	151.191	136.067	157.991	175.137	304.622	139.106	91.6197	126.741	249.612	266.023	229.698	239.364	190.903	266.603	154.769	1763.94	24.4603	45.5776	41.5304	22.3484	243.844	505.937	971.706	750.64	3328.3	1413.94	1170.68	465.177	269.631	62.2196	40.1246	25.9346	77.7016	40.7618	578.263	180.974	914.082	4809.28	156.779	265.67	114.527	398.97	4356.62	473.486	0	0	-525.173	84.2408	551.211	1569.91	4607.86	1715.82	1107.56	60.9698	639.174	-20424.2	-4.40206
3250	3.25	2.5049	2.47525	2.50835	25249.4	1	335.311	214.983	306.843	256.05	199.086	201.787	231.713	225.22	201.329	194.515	244.143	207.202	261.016	220.518	208.657	172.566	173.338	182.173	205.296	240.207	207.424	190.603	206.184	192.179	246.781	210.791	298.173	287.007	276.894	336.08	240.604	97.991	77.9088	21.6826	31.5544	25.1368	24.7888	37.3421	228.186	46.4066	112.673	83.9778	208.222	199.383	359.337	257.262	82.0678	139.972	120.988	118.882	140.718	216.71	142.02	122.205	103.648	157.509	321.121	116.027	129.386	146.814	185.018	268.935	174.278	219.338	199.518	306.278	224.854	1740.15	14.7783	31.818	20.7089	24.8932	232.674	605.758	934.463	701.933	3102.39	1412.46	1042.99	482.68	256.708	64.5522	24.2222	20.7931	92.7577	45.4265	558.206	156.354	915.686	5249.09	148.629	287.311	138.797	436.774	3605.69	456.983	0	0	-517.733	113.884	574.939	1356.21	4570.3	1677	1137.19	61.1654	629.134	-22019.2	0
3500	3.5	2.53576	2.47525	2.5428	25560.5	1	348.983	244.066	314.773	251.73	186.59	196.598	164.094	205.933	214.49	148.182	203.211	203.322	246.969	159.825	161.342	170.643	174.739	208.486	176.789	211.302	199.441	176.844	190.867	214.94	203.99	203.839	235.666	252.555	203.778	250.515	215.8	100.371	71.4141	43.0283	24.8877	9.58081	34.413	24.3618	254.681	26.8143	77.2202	82.6104	123.508	204.091	333.712	275.806	89.0543	127.339	141.117	123.586	154.348	200.531	134.489	135.825	124.743	194.612	226.002	149.83	114.317	140.62	168.925	218.03	182.207	155.885	206.577	217.196	181.94	1626.17	15.782	24.4859	26.7987	39.1595	250.362	463.601	967.802	684.473	3133.8	1481.18	1019.28	435.617	279.887	58.7705	64.7141	36.7271	79.1433	38.9212	468.592	150.251	960.257	5150.22	116.454	233.682	160.086	450.11	3019.27	422.515	0	0	-510.345	94.5457	586.442	1333.87	4559.01	1646.67	1126.88	55.5516	631.693	-22622.4	0
3750	3.75	2.46162	2.47525	2.46003	24813.1	1	276.816	243.507	290.876	315.307	133.066	254.472	183.801	211.546	191.411	154.823	169.429	174.014	242.573	173.802	172.82	234.858	205.784	183.748	204.721	185.144	187.394	186.932	247.5	158.985	230.563	180.526	252.846	282.673	225.753	314.731	250.138	75.4334	69.1464	25.7311	29.7495	17.0011	28.2646	29.4336	199.923	34.4205	85.4953	120.896	180.503	197.964	334.384	260.189	98.4553	152.301	132.482	149.851	151.991	185.311	118.921	146.998	139.809	191.808	272.813	123.974	114.675	150.127	188.466	255.907	163.601	191.267	181.316	279.303	167.767	1623.27	19.8504	26.0632	28.5386	32.1718	222.033	502.748	895.077	553.784	3246.26	1520.9	1078.29	472.966	268.67	54.2616	55.4954	20.1116	71.937	27.69	566.818	166.682	942.542	4937.68	169.356	259.247	122.622	458.97	2659.26	439.538	0	0	-513.004	82.6469	588.958	1229.41	4558.13	1631.14	1105.23	58.6325	646.632	-23493.7	0
4000	4	2.51222	2.47525	2.51652	25323.2	1	235.603	245.917	281.97	231.043	185.207	212.645	224.338	214.121	221.655	199.552	231.816	186.943	242.108	213.89	151.337	179.675	181.882	192.806	184.132	199.015	144.664	170.889	224.086	209.727	222.249	183.25	249.399	230.054	203.321	229.133	229.823	96.2068	54.2529	25.0084	32.0162	24.24	19.9385	13.947	234.732	33.3538	63.6613	121.789	186.425	192.745	292.385	223.057	107.691	119.105	133.758	134.234	140.742	179.525	119.911	117.238	113.992	191.396	181.828	131.988	106.925	151.032	173.937	231.9	178.925	157.308	193.84	230.449	210.429	1425	28.9569	20.9458	26.795	14.9564	240.653	464.517	962.085	645.944	3226.26	1393.82	1045.27	487.072	286.749	36.998	52.3945	37.5614	69.8064	45.21	516.948	115.402	1015.67	5043.32	121.157	227.037	123.413	433.201	2354.59	402.068	0	0	-511.835	116.878	603.269	1106.08	4548.1	1614.88	1108.91	66.4746	586.673	-23691.9	0
4250	4.25	2.48595	2.47525	2.48719	25058.3	1	253.741	239.48	221.738	228.162	177.074	240.253	215.728	199.266	175.72	183.459	195.556	183.414	226.615	191.979	153.054	199.754	158.952	178.546	223.833	202.019	154.39	227.838	203.032	223.556	203.739	196.957	243.989	231.905	256.312	322.289	216.387	117.745	82.0701	22.7591	26.1483	35.1409	23.5193	23.7953	213.588	35.4775	73.0247	107.296	158.715	184.327	297.122	196.217	78.1823	107.904	148.824	118.415	148.742	190.44	101.973	152.84	139.925	162.246	202.654	126.006	109.66	138.67	212.996	264.725	175.833	182.311	170.753	239.688	183.123	1458.21	33.4482	27.9527	20.4138	33.2169	248.893	491.672	927.789	727.322	3122.9	1401.69	1059.06	442.827	282.003	60.7465	56.5959	29.9631	53.3889	30.6703	687.558	119.917	916.191	5098.52	152.315	257.646	126.489	464.611	2101.2	463.571	0	0	-517.405	96.0196	613.177	1097.5	4537.94	1607.24	1073.68	61.6046	640.402	-24093.1	0
4500	4.5	2.47195	2.47525	2.47157	24917.3	1	193.4	271.603	250.41	223.511	166.842	225.294	256.946	192.522	147.599	167.679	181.518	174.602	243.001	168.703	155.663	207.366	164.984	159.276	188.525	171.083	179.479	183.902	205.166	189.981	229.79	206.667	277.535	256.163	256.708	245.495	262.188	75.9868	70.8363	42.032	25.3013	26.5069	33.3287	33.0208	204.628	20.6006	76.3972	139.661	165.623	209.8	294.843	224.857	90.8679	98.4089	96.7921	128.166	177.327	159.636	109.505	116.673	120.717	179.171	200.342	119.278	108.682	129.478	223.607	270.252	196.765	186.221	134.932	242.155	162.016	1475.89	23.6521	28.2585	12.5905	27.5529	276.347	447.317	940.865	724.982	3225.92	1528.95	1071.59	419.692	326.409	58.4625	54.3041	17.2327	76.4697	18.8131	669.113	114.404	884.976	4777.1	145.609	287.589	91.9268	457.552	2022.51	499.133	0	0	-530.492	60.287	614.967	1045.19	4526.69	1603.33	1060.75	55.9961	601.272	-24391.1	0
4750	4.75	2.47409	2.47525	2.47396	24938.9	1	247.497	224.951	297.4	242.609	174.259	215.58	189.846	191.461	178.077	206.379	197.3	212.79	179.515	168.991	216.669	180.824	166.592	167.756	178.726	183.049	152.94	156.459	204.316	196.667	215.105	219.232	233.43	252.851	233.56	254.846	270.84	78.6587	59.0245	14.4752	23.8323	19.8076	27.5959	39.1647	216.946	32.6946	59.1981	108.671	213.273	221.33	256.183	208.632	110.04	125.049	138.189	135.001	144.496	177.728	120.575	133.362	147.84	149.528	154.524	129.226	129.104	107.863	171.157	254.434	151.764	137.918	178.449	235.42	161.275	1360.4	28.6013	20.9397	17.4423	9.3587	188.73	509.818	939.149	672.257	3310.74	1556.45	952.29	423.25	281.328	29.3784	46.0116	25.1069	56.7286	19.4719	570.861	109.319	911.664	4876.75	150.677	235.175	143.683	446.949	1675.9	436.778	0	0	-512.705	112.377	617.792	951.573	4572.06	1594.28	1113.5	57.951	603.539	-24777.3	0
5000	5	2.50709	2.47525	2.5108	25271.5	1	243.96	225.729	235.943	236.951	162.959	198.697	175.707	197.418	198.079	181.95	199.729	177.4	205.971	195.4	215.807	196.04	221.191	173.277	180.654	226.478	152.936	184.672	225.955	182.643	209.868	249.776	235.231	247.564	214.537	259.223	205.965	79.0762	106.923	11.7534	18.6689	24.2532	34.2631	34.7193	222.77	29.3297	81.1666	108.251	197.978	221.041	281.484	161.011	111.812	133.048	107.921	129.046	151.172	200.761	111.338	119.271	115.892	145.376	163.171	120.577	99.8572	104.298	184.424	242.359	180.493	196.057	169.376	231.64	170.092	1402.16	26.7656	23.838	32.1014	26.7944	216.513	591.85	972.263	680.664	3268.12	1442.18	1049.12	431.49	304.786	65.7787	43.4127	13.4127	65.1698	27.3207	569.357	109.529	945.068	4946.8	144.234	309.095	151.553	436.487	1550.18	485.881	0	0	-509.878	81.1793	629.692	1034.91	4560.13	1586.76	1100.79	64.1055	589.893	-25092.5	0
5250	5.25	2.43861	2.47525	2.43435	24581.2	1	297.767	197.813	244.419	248.831	188.003	220.246	199.567	200.625	168.319	173.195	173.94	178.275	276.795	177.734	208.73	152.866	186.448	231.813	178.05	218.085	166.801	164.728	183.12	183.032	210.388	210.173	226.018	240.753	238.681	308.222	196.167	100.527	92.7423	18.1287	37.0398	24.3107	21.5171	9.01656	225.106	33.9725	62.6326	110.24	192.192	198.725	254.116	175.928	86.9389	110.527	181.96	137.328	175.489	173.614	104.468	128.575	128.215	165.906	178.97	115.405	98.4044	135.045	176.343	277.301	170.443	154.732	172.948	248.385	171.674	1291.68	18.2472	29.8378	19.3866	24.9132	205.4	474.065	996.14	773.457	3011.55	1501.38	1111.73	423.727	303.694	58.0678	63.2906	31.4774	90.7882	15.0301	519.602	99.7492	1101.82	4935.27	141.001	312.599	134.196	500.923	1365.38	471.759	0	0	-507.699	74.0142	646.94	892.843	4558.31	1570.56	1087.81	56.0242	577.371	-25102.9	0
5500	5.5	2.4634	2.47525	2.46202	24831.1	1	226.45	260.499	283.001	260.136	176.295	220.013	176.664	213.821	181.204	149.314	174.909	204.479	236.358	187.831	194.953	175.21	186.401	208.597	170.001	195.711	201.417	166.008	182.597	178.387	206.025	211.432	232.261	212.399	217.799	250.557	266.621	92.6188	52.6247	16.4167	25.601	22.868	19.515	13.9752	196.857	35.3548	87.1867	134.586	223.544	204.153	266.574	156.476	77.9274	111.441	105.563	167.788	146.13	184.993	132.326	117.405	125.367	172.266	190.141	130.925	128.322	124.17	249.37	258.877	169.764	182.679	177.709	231.006	194.92	1226.47	29.1673	27.6096	20.9275	18.3112	227.391	480.043	1013.99	637.661	2969.84	1477.62	1095.21	513.755	308.745	48.7952	61.7804	23.0362	77.0042	34.7058	535.172	135.422	944.754	5274.36	185.095	325.095	133.615	449.476	1180.67	430.682	0	0	-520.348	73.0224	633.457	947.177	4550.98	1558.9	1076.92	60.0411	574.693	-25369	0
5750	5.75	2.4608	2.47525	2.45912	24804.8	1	247.817	291.772	251.887	283.883	150.898	179.06	189.038	229.995	233.48	195.829	192.688	201.023	195.594	195.042	213.799	172.639	168.096	201.666	188.81	187.435	175.166	185.728	186.623	174.075	215.034	207.414	232.989	236.873	238.034	186.646	259.62	75.4542	74.659	26.4612	19.3151	12.1436	31.5953	30.2412	212.292	33.875	91.184	77.8557	157.97	205.84	231.624	173.671	93.9994	115.302	102.814	131.726	154.853	155.807	128.033	92.624	134.687	154.685	147.279	133.97	109.893	125.583	239.457	219.584	149.98	131.284	212.839	263.094	184.042	1318.79	28.0071	21.2918	25.6309	29.2779	266.257	497.897	1014.96	674.845	3320.44	1517.91	1033.33	438.911	295.216	53.7379	39.9409	33.3825	104.932	26.5111	525.472	118.181	989.389	4834.96	131.581	263.779	99.2916	470.457	1057.14	493.99	0	0	-521.277	88.729	649.698	986.114	4538.31	1540.49	1064.13	50.601	578.663	-25309.5	0
6000	6	2.49139	2.47525	2.49327	25113.3	1	253.987	237.2	252.49	251.61	168.806	209.482	175.365	179.38	200.053	152.379	195.289	172.896	226.712	147.528	176.767	226.498	231.308	153.532	199.401	197.009	164.244	188.607	199.231	208.041	191.758	179.976	232.536	177.704	252.818	215.105	255.346	64.2551	75.6045	15.2632	15.5095	27.4712	20.8888	32.5504	237.034	46.0611	74.8196	82.4197	166.822	225.211	281.479	224.091	87.8053	120.531	141.489	124.768	166.034	194.619	123.128	111.361	113.358	153.5	125.203	108.548	113.443	121.085	204.284	256.749	136.055	148.854	154.438	200.15	201.964	1288.44	28.5667	36.1396	34.9213	24.2918	216.782	487.072	1002.75	739.891	3402.22	1389.43	1040.93	437.547	288.041	58.881	30.1494	20.1678	66.5603	23.5005	469.926	149.364	918.724	4799.07	166.814	299.309	139.747	459.173	1034.72	461.841	0	0	-523.074	88.2313	644.324	968.657	4522.58	1520.49	1071.1	64.9935	601.781	-25521.7	0
6250	6.25	2.47992	2.47525	2.48046	24997.6	1	252.559	196.926	221.738	254.267	133.52	217.044	191.156	181.359	168.697	130.809	202.174	156.125	199.432	183.653	185.58	213.606	162.143	179.327	174.675	191.767	166.665	155.638	183.499	227.227	223.535	198.259	202.488	247.752	227.413	226.344	232.855	88.5242	92.9341	23.1829	24.5769	24.1167	19.1074	16.1554	231.383	20.02	89.5545	91.7429	161.761	182.195	259.582	190.256	86.7902	128.817	119.889	148.175	139.517	180.931	129.306	112.717	109.968	114.336	195.67	105.231	123.93	134.741	199.876	208.411	165.637	163.505	188.536	243.324	166.828	1266.4	21.3644	10.841	44.8723	20.5333	210.676	520.029	931.52	745.235	3059.85	1401.41	1041.63	455.717	234.827	56.8125	36.2521	24.2497	86.6859	22.511	672.133	150.881	885.34	4909.9	127.979	253.025	167.02	439.465	1083.29	410.792	0	0	-530.787	75.3373	634.943	904.312	4533.3	1530.11	1051.59	76.1939	602.487	-25442.3	0
6500	6.5	2.47763	2.47525	2.47791	24974.5	1	328.055	240.054	248.653	236.021	196.953	198.979	174.884	179.558	201.252	163.39	166.925	185.88	214.648	153.874	169.623	163.242	161.258	184.926	176.461	177.358	162.212	174.369	198.317	199.509	194.036	174.737	236.596	258.836	249.394	261.65	233.221	93.342	71.16	25.2353	36.5998	15.7248	26.162	20.2921	233.954	30.5875	93.0541	81.1892	215.432	163.428	197.224	199.073	98.877	113.295	142.306	127.721	169.645	211.233	120.683	123.614	119.526	151.967	192.169	94.2521	121.16	122.601	192.889	213.302	147.194	133.657	165.168	251.363	147.061	1169.81	18.7383	18.482	24.0609	20.7208	209.67	478.648	970.517	644.513	3220.71	1536.57	995.83	450.307	275.92	64.0951	45.94	30.1048	70.996	23.0787	583.475	92.8394	948.088	4929.96	132.813	255.487	131.466	453.076	912.532	449.951	0	0	-529.274	58.8782	635.123	912.223	4533.71	1529.06	1082.93	59.7914	573.061	-25634.9	0
6750	6.75	2.49083	2.47525	2.49265	25107.6	1	250.075	227.456	268.942	240.663	194.879	201.913	193.032	183.59	175.194	166.177	205.719	154.513	190.47	207.792	172.487	181.551	181.107	204.152	196.405	181.682	205.692	190.317	205.801	177.038	191.247	220.017	213.265	256.743	248.868	265.832	246.117	97.7415	54.069	17.7547	22.4908	19.3546	24.1707	37.2194	201.521	24.6594	108.775	130.618	167.841	200.039	251.303	194.814	76.1576	115.361	144.1	115.431	171.683	171.185	123.93	138.547	94.5977	149.435	183.327	108.008	100.557	143.891	180.544	207.645	162.406	156.428	174.958	263.396	165.3	1208.03	27.8025	15.0247	30.3412	21.4807	182.118	492.984	979.069	757.295	3016.04	1337.86	989.481	430.744	296.582	59.2508	62.7439	14.2888	60.7231	21.6817	558.119	119.401	974.172	5074.72	148.699	246.862	138.039	478.805	945.029	461.522	0	0	-529.051	70.9277	624.233	951.349	4510.21	1532.82	1099.41	54.2939	578.796	-25817.1	0
7000	7	2.50169	2.47525	2.50477	25217.1	1	243.425	236.905	242.539	280.2	185.458	193.12	206.393	223.323	189.458	151.358	208.722	196.949	233.013	203.195	159.305	198.422	199.452	190.842	234.958	197.499	141.227	180.127	191.515	184.227	196.573	193.072	261.388	243.78	230.186	228.449	270.755	61.674	82.3008	19.7546	41.3587	21.1278	25.3534	20.4572	224.342	26.3422	97.6399	96.5125	156.32	208.73	223.13	153.84	82.4782	127.412	109.465	117.662	175.633	203.836	104.352	128.676	97.6783	159.632	135.858	124.084	136.856	131.96	193.536	289.956	175.511	147.676	190.688	215.167	172.509	1226.84	26.5362	28.8669	26.5509	21.3635	186.698	497.4	960.373	666.178	3163.84	1370.74	1055.1	453.916	260.98	37.0013	35.9872	20.2415	92.7958	14.9074	612.692	139.608	892.751	5035.11	136.403	264.731	146.487	439.327	894.796	460.1	0	0	-523.66	80.8721	656.631	987.785	4519.12	1525.73	1050.82	55.035	601.869	-25761.9	0
7250	7.25	2.4677	2.47525	2.46682	24874.4	1	252.97	216.809	291.413	259.064	144.409	180.45	164.853	174.63	208.676	171.104	196.051	183.018	212.211	173.991	171.125	204.497	198.02	169.642	189.46	197.532	174.143	159.476	217.522	173.074	223.544	245.887	190.003	236.963	239.71	278.988	276.707	62.0815	44.7	24.2429	30.1081	36.5931	37.3198	14.2689	251.601	24.2144	77.1864	73.4339	140.966	181.312	238.101	162.721	80.5993	126.254	102.383	132.87	138.145	183.65	128.921	105.014	98.576	149.62	128.049	124.13	132.162	103.587	181.957	245.691	181.062	148.35	207.348	232.889	179.347	1143.99	15.5387	35.743	23.5377	32.3184	255.833	480.097	1057.93	677.612	3255.28	1348.69	1121.99	516.381	281.039	52.18	51.4385	23.0278	87.1282	15.2845	566.028	107.526	1030.15	4992.37	169.118	226.619	125.916	459.145	762.836	458.683	0	0	-523.232	90.9076	647.167	911.515	4513.25	1509.17	1043.25	70.2176	577.114	-25895.6	0
7500	7.5	2.46945	2.47525	2.46878	24892.1	1	248.578	250.151	292.752	234.429	185.747	178.005	192.522	203.15	170	192.952	171.73	197.156	222.826	188.289	179.032	156.748	199.122	174.501	189.667	186.118	186.31	194.983	199.581	209.593	171.223	217.991	234.633	249.68	228.68	268.73	228.771	81.4925	85.7298	33.7178	25.8446	24.526	12.1157	24.7933	222.48	19.799	91.4462	79.5764	152.612	180.227	243.403	149.344	82.3102	89.0302	132.434	157.095	135.414	140.683	97.0999	97.2547	129.483	166.853	147.146	110.007	122.969	133.594	177.179	214.548	147.687	189.166	162.791	216.044	148.963	1186.06	15.4311	35.7056	40.2973	20.6511	273.533	498.865	926.338	617.077	3147.1	1407.13	1074.76	517.641	275.816	47.6127	57.9375	24.2628	86.2669	23.812	579.082	118.045	884.844	5089.56	149.763	246.684	109.166	503.524	863.011	467.842	0	0	-528.048	56.5838	646.796	953.195	4514.41	1502.08	1023.42	68.5666	567.672	-25832.4	0
7750	7.75	2.4483	2.47525	2.44516	24678.8	1	301.218	209.324	236.691	232.274	161.026	198.326	181.547	215.602	131.672	182.463	194.341	212.227	154.175	149.603	163.96	160.592	191.744	206.512	168.679	192.771	167.079	193.293	191.749	168.196	197.158	194.211	244.484	223.928	240.581	256.979	230.558	105.359	68.8953	26.5331	37.7675	31.7373	32.0603	19.8252	224.934	34.9686	107.025	76.5863	172.47	183.883	253.584	222.89	82.7519	136.486	131.817	134.757	163.083	196.857	104.474	110.557	90.5707	136.56	192.103	119.014	113.23	99.8175	172.543	219.889	169.256	149.079	174.373	206.417	171.151	1032.97	25.9812	14.8934	23.572	21.7173	217.837	535.409	1021.75	671.352	3081.43	1351.01	1048.87	449.989	259.693	54.7012	55.3304	11.0008	103.724	37.7442	504.628	106.188	899.434	5072.5	148.227	226.792	157.476	462.244	880.472	450.113	0	0	-520.229	101.803	629.781	979.079	4518.93	1517.14	1043.17	63.5839	574.356	-25813.4	0
8000	8	2.46379	2.47525	2.46246	24835	1	208.533	205.49	213.034	199.581	161.128	183.905	156.328	191.819	225.532	170.095	182.477	186.703	212.728	194.449	187.295	165.98	190.795	195.446	225.073	159.49	168.275	153.941	163.44	186.112	177.01	180.943	266.399	228.823	261.704	210.638	191.885	108.882	91.2879	15.2989	9.76198	33.4829	18.6934	14.4292	241.489	37.1983	89.2361	65.6918	138.409	185.182	210.189	171.928	70.3951	117.709	116.318	153.413	127.762	158.085	108.809	109.115	125.687	124.022	136.501	115.012	93.6945	122.871	204.377	244.978	159.229	157.437	140.31	196.94	157.368	1206.14	35.7412	21.9954	22.4381	33.9544	228.602	497.827	936.609	715.855	3176.44	1509.86	1011.32	487.13	236.832	44.4014	52.1136	26.8841	81.9548	8.74757	598.03	121.826	889.925	5002.17	146.257	275.306	130.503	435.569	799.891	404.631	0	0	-527.912	90.2233	635.833	909.461	4495.2	1533.13	1015.38	59.709	585.069	-25830.6	0
8250	8.25	2.47576	2.47525	2.47582	24955.6	1	216.38	253.927	255.351	194.236	168.989	212.993	207.62	177.096	165.874	206.895	171.346	187.872	218.411	177.542	173.781	136.182	192.038	173.076	171.402	208.422	164.287	175.826	158.497	192.158	222.345	167.982	216.294	284.392	224.947	233.499	249.35	67.5308	69.872	34.7127	16.305	22.1357	15.4644	15.4718	240.888	16.781	105.739	71.5372	148.682	182.865	295.346	168.368	73.4166	111.061	112.576	124.556	158.872	176.668	135.733	133.768	90.0275	179.882	165.899	105.648	105.201	122.365	210.084	202.815	175.941	150.403	210.11	217.262	154.921	1187.88	27.5017	17.8464	28.7044	22.1662	221.994	471.853	1000.86	652.744	3188.5	1410.39	1051.98	407.949	327.542	41.3857	31.0842	20.4283	79.6017	22.6292	592.593	125.022	835.956	4961.9	130.56	251.368	127.921	487.931	779.624	478.872	0	0	-531.468	65.4152	636.418	968.038	4526.34	1543.42	1012.32	72.5083	585.311	-25738.9	0
8500	8.5	2.47685	2.47525	2.47703	24966.6	1	207.337	231.518	223.903	243.122	165.455	173.221	229.319	175.598	177.539	176.968	173.493	171.89	238.887	160.651	185.066	189.071	177.161	197.688	220.643	217.952	169.104	155.126	192.428	173.052	189.487	171.338	281.258	232.069	221.76	250.861	233.326	84.721	77.8965	15.2713	19.8854	28.8065	15.844	21.7678	202.601	22.9302	107.8	106.475	145.369	177.979	256.263	198.234	89.277	114.189	123.72	115.601	151.39	161.758	110.47	74.7053	88.8664	127.825	156.922	119.882	98.0033	76.6528	178.94	202.696	186.521	173.098	157.61	253.026	175.362	1167.78	21.2935	31.9355	29.105	27.2977	244.524	496.874	943.661	624.692	3198.71	1443.25	939.783	425.787	254.346	62.4547	64.2653	23.4031	89.831	33.2298	571.033	129.61	908.107	5209.77	121.205	260.083	152.152	442.889	757.385	403.223	0	0	-531.161	64.7221	636.13	921.792	4500.81	1517.81	1014.19	70.5825	584.934	-26157.9	0
8750	8.75	2.46587	2.47525	2.46478	24855.9	1	208.588	209.1	218.015	219.416	193.813	222.668	179.02	206.681	185.053	139.055	156.224	178.374	252.092	153.781	171.363	184.627	179.289	206.544	196.097	167.802	184.36	150.28	179.586	175.475	209.138	225.879	221.254	252.466	210.042	251.038	268.574	84.9347	58.1872	29.9454	28.0727	17.9715	25.1555	33.6644	206.252	35.3561	96.8442	121.623	151.268	148.85	248.352	170.243	83.6636	165.822	159.776	140.628	166.179	200.81	121.335	101.369	95.9981	146.213	150.861	143.372	100.37	100.262	201.907	225.265	129.574	119.128	182.112	218.54	164.331	1213.81	19.0466	21.6551	19.9573	19.1713	243.726	532.048	1016.43	605.923	3166.42	1415.92	1085.5	485.188	286.391	33.5622	35.9758	23.4579	56.8924	22.0198	582.514	139.159	863.379	5253.61	140.274	253.306	128.067	409.403	842.367	462.268	0	0	-531.655	88.3867	632.755	897.018	4490.09	1532.87	1022.08	59.3775	573.525	-26211.6	0
9000	9	2.49471	2.47525	2.49697	25146.7	1	216.404	241.805	223.413	225.749	130.284	197.107	171.036	199.947	182.575	179.832	188.318	200.59	215.425	183.433	157.134	150.102	173.322	176.419	182.899	164.67	176.359	163.985	204.65	178.778	238.629	211.195	183.097	248.247	214.021	248.834	246.228	81.7207	89.3985	24.5755	16.9489	25.539	18.3107	19.4948	210.457	36.5241	95.6287	90.303	158.591	186.554	229.717	183.418	102.955	95.7468	143.34	110.961	164.149	167.533	135.674	94.9442	131.839	151.108	159.209	98.0936	125.209	108.909	182.229	256.997	157.13	143.181	146.163	192.93	146.409	1099.83	23.5217	40.8639	19.2932	26.739	277.745	505.37	949.499	675.905	2897.38	1385.2	1092.97	492.049	295.42	52.1746	36.2807	37.2814	74.0105	14.4984	608.76	108.595	930.229	5207.51	150.342	226.251	147.822	428.535	824.344	438.569	0	0	-535.44	84.5725	640.865	910.432	4510.92	1504.83	994.473	72.4071	559.726	-26117.2	0
9250	9.25	2.46423	2.47525	2.46295	24839.4	1	225.928	250.911	235.262	195.095	143.436	234.559	147.629	181.633	167.985	149.286	152.745	185.182	201.288	172.815	193.459	196.674	162.767	215.019	166.409	211.802	169.743	160.585	189.912	203.196	192.177	150.638	189.279	204.268	229.119	237.498	208.899	92.8028	92.4215	24.0611	34.1178	22.5962	28.3994	32.9196	245.969	32.2099	84.8404	73.8898	164.837	191.742	259.101	203.047	89.0986	136.885	124.69	134.754	171.475	196.907	124.697	102.241	88.8835	136.509	158.807	89.4137	106.314	121.002	214.333	254.963	160.795	155.172	199.915	223.355	163.391	1116.82	27.9799	27.2858	22.6684	25.516	224.134	541.824	917.161	654.607	3059.22	1306.72	1101.26	377.094	259.718	59.883	40.5249	30.7382	60.9393	22.7069	523.611	108.651	956.952	5290.56	139.617	293.159	121.811	466.459	807.491	406.743	0	0	-537.796	71.0514	631.426	822.605	4505.74	1503.13	998.861	52.8468	572.038	-26039.9	0
9500	9.5	2.49709	2.47525	2.49962	25170.6	1	238.031	240.581	263.716	237.779	189.022	202.212	150.211	163.734	193.777	145.355	218.663	153.894	217.887	169.146	149.942	203.667	205.08	194.802	207.688	232.041	171.485	141.941	172.973	191.364	175.116	166.819	206.774	215.683	247.361	283.336	214.651	122.735	70.5263	29.9723	21.0009	29.5937	26.5977	9.08321	239.956	12.5504	101.373	74.4782	117.485	158.888	242.472	245.215	78.7118	123.669	149.297	106.68	196.267	190.135	97.7957	76.6374	92.58	123.474	184.991	115.969	116.524	117.634	174.651	251.814	143.978	152.996	184.389	195.631	197.929	1156.81	34.1454	18.0653	15.8919	34.8734	279.596	440.165	981.128	658.786	2836	1453.12	1091.92	399.618	245.823	33.7167	69.0002	20.9005	78.6795	26.319	501.472	135.032	1133.76	5081.9	138.663	237.496	148.349	472.802	733.986	454.729	0	0	-526.248	72.1917	627.411	811.932	4486.96	1507.26	985.049	59.0557	547.271	-25989.3	0
9750	9.75	2.48733	2.47525	2.48874	25072.3	1	275.924	171.853	267.902	187.336	159.75	217.767	187.765	195.091	179.001	164.079	158.528	177.965	203.66	186.685	174.165	144.51	189.04	200.139	166.095	179.309	175.571	181.466	190.153	189.829	188.641	237.788	261.857	241.201	203.953	275.775	231.662	91.3939	67.6787	17.2495	34.1618	34.6996	14.8191	32.0462	232.197	21.0873	76.3386	106.468	140.41	178.19	228.827	224.964	78.1021	75.2024	135.638	134.779	142.335	167.871	112.358	105.445	100.136	143.226	158.546	125.94	125.498	132.232	183.046	272.42	134.634	182.583	172.598	208.562	186.632	1169.78	12.1694	44.1654	20.5085	22.1515	252.52	419.122	975.436	596.016	2962.09	1543.08	1128.82	462.872	300.212	54.8939	42.9402	11.2406	62.1502	19.1305	646.871	128.316	966.718	5058.18	116.335	283.219	131.553	404.094	742.989	481.632	0	0	-526.617	60.1811	636.987	838.053	4503.93	1508.84	1043.59	70.0733	551.795	-25991.5	0
10000	10	2.50637	2.47525	2.50998	25264.2	1	233.925	234.877	213.601	212.064	157.32	199.736	173.059	193.01	190.176	197.091	179.559	207.818	212.507	168.989	212.463	139.163	152.715	222.037	161.936	183.383	166.826	167.172	175.552	196.019	212.679	185.746	233.85	234.45	244.01	241.051	261.199	64.4879	72.4103	20.1958	23.8739	20.3955	27.0095	31.7332	201.837	22.9199	86.7527	99.8036	136.122	174.174	236.566	188.157	85.2947	128.131	142.455	164.229	143.979	186.3	116.315	99.0436	67.9307	163.94	172.484	110.382	96.7036	115.336	173.321	258.899	145.23	155.159	180.026	227.163	139.798	1117.48	8.03508	27.5109	23.7575	25.0505	233.584	534.996	842.571	733.139	2896.28	1511.77	999.865	445.231	247.679	54.1713	51.705	15.9067	77.0929	22.0109	631.65	128.356	942.654	5004.6	159.714	258.707	133.631	515.888	730.199	476.562	0	0	-529.852	78.8555	629.054	820.593	4493.49	1502.38	982.254	61.6404	532.585	-26193.6	0
10250	10.25	2.4861	2.47525	2.48736	25059.9	1	239.549	210.122	239.944	234.375	137.517	211.418	186.93	201.062	150.55	139.936	195.619	187.202	199.256	163.822	157.724	137.136	185.483	178.776	179.495	199.403	155.293	179.384	179.903	177.499	192.726	170.952	225.735	241.334	245.257	242.285	208.248	92.2571	96.1673	28.3222	23.1673	17.2252	21.583	22.3697	215.968	27.47	108.137	93.6702	121.809	184.065	213.976	190.823	78.7797	162.177	137.612	133.613	152.133	201.437	134.391	93.6198	131.377	144.719	129.325	103.741	114.8	103.35	190.794	210.297	178.015	147.107	166.376	217.469	148.651	1095.24	28.4459	25.879	10.0231	28.6411	230.539	454.079	986.095	697.054	3341.88	1456.49	1096.25	402.407	298.061	42.07	51.408	12.805	60.1556	11.2221	530.332	104.096	901.181	4892.19	121.385	291.382	102.773	457.56	720.176	453.681	0	0	-528.476	77.8098	645.425	870.396	4508.27	1501.32	1020.62	63.2995	559.568	-26233	0
10500	10.5	2.44017	2.47525	2.43609	24596.9	1	215.833	208.325	223.384	227.699	165.693	198.469	173.64	190.65	203.658	152.159	173.382	207.059	222.076	158.445	218.314	175.67	164.332	171.695	212.241	182.977	177.089	169.753	176.364	195.002	214.573	167.674	211.323	239.404	212.553	256.098	229.507	78.9053	97.7805	20.3445	28.8287	21.9027	28.3315	18.2438	205.964	30.4309	102.045	75.0755	145.604	173.358	239.171	143.912	86.4802	113.806	111.085	112.731	166.998	172.866	112.926	141.954	101.107	184.89	118.821	93.1647	130.125	153.753	190.889	235.329	116.697	149.051	161.637	209.617	152.379	1143.35	18.6997	21.4622	33.7041	19.7406	195.805	484.683	1005.16	550.74	3118.87	1404.03	1144.8	453.727	272.968	62.3124	38.0903	30.0087	90.3984	14.2924	595.375	109.157	830.811	5213.97	161.306	259.84	128.658	431.497	754.163	455.653	0	0	-524.371	55.5473	646.577	763.56	4487.27	1451.91	986.619	63.7338	547.452	-26419.4	0
10750	10.75	2.50537	2.47525	2.50887	25254.1	1	220.726	258.063	201.032	247.935	141.148	206.784	141.156	200.096	152.954	134.018	201.159	194.699	231.749	149.556	227.942	158.442	222.956	179.86	164.401	186.004	175.57	147.747	185.539	196.647	174.586	201.266	244.666	267.38	239.603	253.857	229.181	86.4661	96.1622	19.5722	21.8908	22.9195	24.2588	28.568	206.755	17.5962	114.027	114.661	124.013	197.9	266.507	147.72	85.9826	111.499	125.155	104.189	145.835	169.604	110.947	99.8317	113.984	177.54	207.721	95.714	87.9604	129.649	184.889	213.165	142.254	144.534	175.119	215.998	152.642	1059.39	8.8343	21.3384	33.635	36.6448	239.677	508.943	948.835	658.483	2826.89	1501.67	1084.86	456.595	272.287	48.0699	54.3651	53.5066	75.8985	21.3813	497.753	145.166	992.854	5272.64	127.545	256.889	129.649	469.133	719.038	478.198	0	0	-524.829	89.2012	646.722	859.021	4496	1466.53	1007.34	67.029	521.292	-25839.7	0
11000	11	2.49311	2.47525	2.49519	25130.6	1	211.494	218.701	232.893	251.467	174.884	171.752	177.066	186.155	198.647	172.57	173.091	248.614	192.631	182.235	201.194	178.414	216.079	167.642	211.76	187.792	172.183	141.502	168.97	172.251	226.551	223.401	258.455	235.185	199.667	262.838	261.29	67.0732	80.0407	11.7364	16.1847	39.7289	30.0914	23.8366	243.188	29.5801	76.701	89.5192	166.27	164.223	235.708	189.968	77.3496	95.1948	159.218	140.452	157.056	159.988	129.488	88.2811	138.193	183.279	168.241	156.722	103.84	113.727	174.405	224.484	142.321	159.527	162.609	197.468	161.354	1170.55	36.6082	28.5574	22.5536	16.9598	262.273	495.435	903.332	660.588	3333.5	1423.21	1127.59	455.464	299.689	50.1886	54.9947	27.931	68.1369	35.0127	491.261	110.585	896.428	4929.11	147.586	280.887	147.382	439.899	708.966	484.795	0	0	-524.722	68.0752	641.183	891.503	4492.54	1501.44	1006.12	72.4941	506.969	-26192.5	0
11250	11.25	2.46692	2.47525	2.46595	24866.5	1	240.999	223.089	238.315	200.091	152.942	209.136	171.788	211.144	158.574	175.938	171.122	158.084	225.306	198.32	163.329	164.559	179.659	209.998	191.086	188.051	180.156	163.074	171.588	180.917	200.406	205.625	277.679	181.678	218.895	296.006	241.171	95.6695	58.1027	19.2774	16.192	20.808	32.8029	42.142	190.675	34.8987	136.648	95.7763	177.779	173.943	229.399	212.014	83.297	134.185	145.536	118.489	132.839	176.259	126.168	113.865	117.121	125.382	167.387	131.219	131.044	113.329	174.273	263.441	138.048	123.879	171.26	249.506	141.706	1119.98	19.4877	23.2041	29.2892	20.7489	215.396	485.738	925.877	715.288	3041.66	1458.05	1036.81	426.999	281.004	49.8619	52.9977	18.7259	59.5844	31.1858	577.88	159.245	999.909	5070.78	162.004	225.801	137.417	497.721	757.936	430.497	0	0	-530.72	74.9295	636.877	857.002	4501.84	1496.44	964.771	81.5037	522.307	-26411.1	0
11500	11.5	2.4752	2.47525	2.47519	24950	1	218.601	254.101	203.403	273.763	156.264	205.882	167.349	209.054	160.282	198.384	205.214	192.624	214.445	193.515	180.362	184.499	148.746	192.77	165.126	162.824	156.652	155.475	218.037	188.655	196.186	207.799	196.445	249.696	204.656	253.588	237.9	115.797	40.7401	28.8465	42.2167	21.3867	30.5965	25.1215	267.746	24.0756	60.9298	88.6969	147.781	188.937	223.589	171.934	94.3868	123.886	142.382	126.518	157.351	174.111	109.566	118.777	158.029	130.471	158.547	105.399	101.74	110.587	201.369	241.617	139.584	138.45	136.343	213.563	126.788	1201.39	15.1879	15.7564	18.1716	24.6431	219.739	473.23	937.344	664.624	3060.67	1442.63	1085.05	473.32	261.946	73.3156	42.7889	26.2438	74.7908	24.3381	470.358	119.312	937.446	5059.54	146.262	223.944	131.3	405.95	757.386	443.839	0	0	-539.433	90.2464	651.267	898.992	4498.61	1461.01	961.641	69.217	537.738	-26241.8	0
11750	11.75	2.5275	2.47525	2.53357	25477.2	1	253.867	234.602	216.877	232.762	180.401	159.818	192.988	179.432	212.169	156.491	171.749	163.385	221.597	158.973	202.99	168.672	167.127	175.893	193.646	183.912	152.799	136.731	182.441	175.555	208.883	201.34	237.108	230.443	205.345	279.854	271.166	96.3516	64.0176	13.5672	24.6544	17.212	27.7784	14.1583	207.325	28.8637	79.4618	115.776	121.998	186.954	251.553	198.111	91.9641	124.473	120.967	117.774	167.648	201.483	125.754	108.572	93.0415	174.619	142.425	110.822	93.6396	96.4734	189.976	240.125	145.559	147.729	144.897	227.51	142.244	1179.88	29.0665	37.4974	20.8555	26.1541	215.902	500.557	892.469	645.437	3230.19	1432.21	1019.68	480.884	237.112	42.0531	50.3352	17.6002	72.9375	27.1889	530.604	104.086	851.231	5040.39	172.715	259.968	113.659	438.66	775.993	506.444	0	0	-536.805	75.3703	625.521	847.105	4493.47	1481.17	969.792	79.4219	554.574	-26253	0
12000	12	2.50432	2.47525	2.5077	25243.5	1	261.843	251.109	230.009	242.766	147.94	220.352	176.495	215.07	190.562	166.513	192.475	227.844	245.921	218.386	145.469	159.903	185.644	206.655	231.442	176.143	185.98	143.012	171.161	177.059	216.158	214.408	239.207	275.323	205.24	210.775	243.85	98.7789	63.2316	29.4356	27.8902	16.5008	26.0196	26.5332	217.005	24.3723	102.109	78.5255	149.53	182.76	272.159	157.389	113.301	117.059	160.519	111.255	156.905	167.094	104.331	119.659	104.744	144.628	186.434	126.802	107.902	130.656	191.539	212.717	117.203	158.955	169.34	258.699	165.292	1173.75	22.0401	30.8248	22.7334	23.1546	229.138	495.089	851.839	687.955	3116.15	1565.81	1035.24	412.459	314.061	31.4255	74.6664	31.2556	58.8655	18.2166	519.542	113.779	1035.44	4771.09	122.692	293.801	123.548	439.782	652.04	509.465	0	0	-531.123	94.6852	650.152	872.038	4500.94	1460.33	959.504	74.1809	536.261	-26406.5	0
12250	12.25	2.48171	2.47525	2.48246	25015.6	1	235.87	221.296	231.001	246.055	154.253	217.782	160.125	170.905	159.992	180.121	185.746	180.044	215.177	184.416	180.824	225.872	184.685	183.08	191.877	187.229	192.57	178.807	213.081	187.839	186.305	190.851	243.051	223.828	220.925	250.896	240.108	83.2362	87.8535	34.8616	13.457	43.1868	25.5967	55.3106	239.9	23.6177	75.2097	92.7581	149.592	166.004	244.206	222.971	110.985	127.298	142.081	125.899	127.303	172.413	117.063	93.3814	111.475	151.582	167.43	154.678	87.6503	97.5538	202.153	187.383	152.341	146.386	160.774	188.216	144.072	1150.96	22.9687	30.5785	18.3497	27.4787	207.538	523.036	855.36	628.188	3203.6	1378.95	1084.09	382.877	268.399	53.0333	52.2881	19.2846	75.0801	33.1191	525.499	123.839	910.77	5047.26	124.211	295.164	129.676	445.303	765.925	456.4	0	0	-534.024	97.195	631.325	860.311	4483.84	1470.34	972.711	62.7481	546.73	-26320.9	0
12500	12.5	2.45667	2.47525	2.45451	24763.2	1	207.117	213.734	224.663	245.338	177.077	196.54	145.843	178.744	166.386	130.932	166.043	172.007	190.751	163.158	168.521	178.95	205.828	226.824	202.1	176.577	152.174	164.148	179.424	189.542	194.565	177.608	236.094	227.497	226.328	230.423	239.283	84.3094	72.9706	27.6946	39.6146	15.7495	13.8232	20.3768	215.829	35.3107	110.392	94.6199	104.926	153.036	220.217	178.753	96.742	127.703	110.566	119.212	149.021	163.237	119.997	115.416	99.9865	163.365	153.393	134.389	109.736	141.691	200.79	229.176	158.644	156.606	161.487	232.854	189.895	1130.24	15.2614	20.9798	12.9086	35.58	182.223	498.818	948.215	650.796	3224.12	1383.15	1122.73	474.078	251.018	39.8533	47.641	35.8775	57.8972	19.3749	522.03	120.798	928.466	5075.12	112.775	267.691	118.491	422.963	738.826	432.662	0	0	-532.688	64.1621	639.489	842.466	4495.24	1455.05	995.509	64.5441	533.769	-26438.3	0
12750	12.75	2.50943	2.47525	2.5134	25295.1	1	254.234	209.066	241.394	273.774	178.317	211.597	178.987	161.02	163.403	158.099	224.318	197.889	204.13	164.017	172.032	166.15	194.586	158.291	192.367	200.189	160.765	187.437	212.739	202.887	207.314	191.02	227.341	224.416	240.224	249.804	210.83	125.125	59.4367	31.0589	29.2994	28.1105	34.6153	26.0611	213.64	32.1448	106.095	94.47	152.962	160.439	222.988	153.379	89.0023	135.652	156.771	130.92	155.664	196.007	125.564	113.854	128.34	185.135	158.098	124.132	134.248	114.961	235.742	198.052	185.26	153.637	159.453	223.802	154.539	1067.79	22.7695	15.7957	17.1591	20.0803	231.603	544.8	1034.36	723.479	3262.31	1623.77	1118.89	460.784	261.759	64.2596	32.2743	32.7817	88.8811	18.4034	617.328	120.825	1054.21	4700.25	162.915	269.067	107.089	415.276	805.76	493.338	0	0	-539.439	78.9001	648.435	862.53	4512.64	1475.9	975.057	71.6323	509.836	-26486.1	0
13000	13	2.46548	2.47525	2.46434	24852	1	262.957	221.717	253.239	194.662	174.906	165.38	165.905	201.052	168.265	174.355	170.836	180.172	217.593	167.224	179.96	150.888	181.762	190.38	177.046	200.449	184.481	158.252	193.415	177.265	216.757	182.145	227.129	242.823	247.83	229.535	218.393	98.6977	89.0812	15.357	28.288	33.5099	20.4609	22.565	206.794	27.4986	60.9061	145.107	117.337	157.925	241.392	178.64	85.5302	106.259	140.193	137.445	125.218	175.329	119.011	120.719	104.528	167.853	115.803	113.226	126.365	122.455	180.376	249.824	155.378	164.345	189.225	239.478	172.516	1061.05	19.6738	53.152	20.3826	47.6467	252.648	493.923	992.425	656.488	2918.06	1499.7	1006.8	490.743	268.853	52.3889	46.8258	26.6443	73.9002	17.0931	587.679	143.158	953.252	5099.15	107.9	206.46	133.337	403.996	791.355	459.743	0	0	-539.342	70.197	627.845	900.184	4520.89	1479.31	1005.28	69.4819	518.947	-26301.6	0
13250	13.25	2.51966	2.47525	2.52483	25398.2	1	232.463	225.047	232.461	188.592	126.91	189.228	147.383	164.965	181.586	185.025	232.627	199.067	246.562	176.2	160.639	164.015	164.669	231.9	208.393	182.493	159.712	125.094	229.185	176.217	217.001	190.373	255.55	252.58	276.276	264.194	208.725	130.429	57.8254	17.3923	17.8581	28.0042	18.8003	29.5359	256.612	26.608	83.8145	62.4536	118.535	154.382	204.052	137.345	92.8638	106.975	106.127	102.123	141.878	145.61	128.45	128.359	97.7397	141.926	140.647	111.627	84.903	98.9563	176.908	216.94	170.889	184.121	149.803	207.037	142.468	1120.33	22.4484	32.9957	16.3978	23.3433	220.823	491.464	959.251	683.279	3117.78	1368.56	1068.71	498.015	296.103	63.1746	56.718	14.95	86.0095	31.7418	556.297	127.552	847.254	5096.44	172.45	279.949	127.912	473.509	731.924	465.235	0	0	-536.944	75.795	652.619	871.514	4499.76	1469.11	998.238	67.9907	521.721	-26185.2	0
13500	13.5	2.46145	2.47525	2.45985	24811.4	1	213.396	195.115	213.074	230.523	165.225	247.981	180.531	187.901	188.745	177.751	163.792	167.358	179.447	164.206	213.388	181.426	167.432	168.626	188.922	205.305	156.431	184.521	167.45	145.743	261.29	181.387	205.04	242.396	200.712	212.174	230.536	92.8152	61.7534	23.7305	12.7598	28.1231	11.4411	18.6185	222.113	25.3279	76.4905	127.37	135.343	161.293	237.536	108.895	78.3827	123.482	135.047	129.112	141.171	165.824	121.958	84.3332	124.715	114.376	130.305	117.564	103.194	99.0701	158.203	216.502	144.38	165.521	164.134	240.258	138.416	1146.88	24.838	13.8027	25.8037	33.3385	220.241	522.989	947.071	753.173	3240.86	1527.54	1010.39	415.861	291.832	32.7501	59.9996	15.4422	70.9706	11.5558	564.759	136.225	908.098	4789.27	140.139	280.83	123.158	473.698	759.876	457.575	0	0	-539.708	78.6841	660.657	893.897	4513.17	1455.34	963.598	82.4484	525.479	-26325	0
13750	13.75	2.45228	2.47525	2.44961	24719	1	303.096	244.246	255.327	255.929	142.861	200.496	180.493	163.937	176.944	152.717	186.357	190.367	200.67	156.606	151.34	192.713	228.258	209.391	180.293	206.152	173.556	141.981	165.099	165.871	216.398	172.034	240.286	266.089	227.612	205.068	227.043	82.7172	76.9451	25.2948	26.5497	27.4173	14.9106	19.2353	220.667	23.0443	91.4705	90.8081	129.313	180.051	221.61	141.174	72.8337	107.385	128.6	164.622	140.549	199.969	121.555	108.513	103.42	152.475	124.868	108.595	101.02	111.545	223.357	201.749	165.679	164.781	151.731	195.587	152.269	1037.35	19.6691	12.7983	31.6088	18.1057	228.912	495.39	981.839	745.446	3226.95	1437.53	989.999	419.45	335.744	46.801	43.1448	20.0928	63.3375	27.8823	522.219	163.604	882.046	4999.51	143.95	257.727	144.402	486.524	737.474	462.171	0	0	-537.126	86.7302	657.932	894.68	4537.19	1436.57	988.362	70.2981	557.374	-26467.8	0
14000	14	2.4778	2.47525	2.47809	24976.2	1	157.734	209.896	279.354	215.269	140.105	186.991	154.817	127.797	161.575	143.172	216.944	176.1	248.66	163.364	116.503	145.385	183.103	192.12	189.176	174.429	185.272	175.554	168.471	173.24	187.645	190.379	214.909	223.009	225.809	240.732	254.973	74.1876	64.9915	17.5116	27.7508	21.5776	30.135	26.5862	248.376	24.4699	76.8332	62.8459	132.753	172.965	217.525	207.905	91.6598	117.145	82.0114	145.888	174.505	185.83	132.268	115.353	113.548	142.155	121.275	97.0356	109.219	149.127	176.583	207.323	177.217	127.048	189.068	213.475	158.357	1130.28	21.4882	34.8135	19.3695	18.727	244.969	520.259	951.226	605.203	3243.33	1467.08	905.812	492.695	238.185	52.7619	44.7428	13.9203	75.5892	15.8507	589.953	111.423	786.919	5085.7	141.444	277.555	131.721	458.03	644.469	434.139	0	0	-537.332	118.543	642.919	887.883	4489.92	1459.95	1010.43	77.1751	558.65	-26513.6	0
