step	time	T	T-cg	T-at	Ekin	res	angle_252_cross	angle_254_cross	angle_255	angle_256	angle_257	angle_258	angle_259	angle_260	angle_261	angle_262	angle_263	angle_264	angle_265	angle_266	angle_267	angle_268	angle_269	angle_270	angle_271	angle_272	angle_273	angle_274	angle_275	angle_276	angle_277	angle_278	angle_279	angle_280	angle_281	angle_282	angle_283	angle_284	angle_285	angle_286	angle_287	angle_288	angle_289	angle_290	angle_291	angle_292	angle_293	angle_294	angle_295	angle_296	angle_297	angle_298	angle_299	angle_300	angle_301	angle_302	angle_303	angle_304	angle_305	angle_306	angle_307	angle_308	angle_309	angle_310	angle_311	angle_312	angle_313	angle_314	angle_315	angle_316_cross	angle_317_cross	angle_318_cross	angle_319_cross	angle_320_cross	angle_321_cross	angle_322_cross	angle_323_cross	angle_324_cross	angle_325_cross	angle_326_cross	bond_125_cross	bond_126_cross	bond_127_cross	bond_129	bond_130	bond_131	bond_132	bond_133	bond_134	bond_135	bond_136	bond_137	bond_138	bond_138_cross	bond_139	bond_140	bond_141	bond_142	bond_143	bond_144	bond_145	bond_146	bond_147	bond_148	bond_149_cross	bond_150_cross	bond_35	dihedral_0	dihedral_0_cross	dihedral_176	dihedral_190	dihedral_191	dihedral_30_cross	dihedral_51	dihedral_60	dihedral_61	dihedral_61_cross	dihedral_64_cross	tab-cg
250	0.25	2.45801	2.47525	2.456	24776.7	0.0249	1471.11	75.3981	232.501	220.108	247.789	265.08	143.809	186.951	198.779	141.954	149.314	170.179	198.611	176.631	212.953	190.38	144.992	165.661	198.078	185.311	225.384	183.798	159.209	168.543	157.952	177.839	172.546	207.479	226.45	255.287	282.158	257.482	252.814	87.4903	60.1479	16.1371	22.3921	31.3338	20.4078	15.4671	217.646	40.2021	92.0707	82.1251	125.153	100.747	103.473	134.314	111.186	106.386	101.093	142.112	101.123	136.169	83.3891	124.538	110.622	104.798	128.06	85.6716	100.601	58.2333	130.898	37.4247	13.1624	7.60885	6.26162	41.9703	15.5155	134.672	0.964846	1.76608	0.845074	1.45637	610.874	438.182	43.2126	224.17	496.52	913.572	471.887	492.046	826.649	993.797	427.792	252.852	47.6428	863.752	25.667	89.7349	21.2641	236.048	86.2629	398.227	240.751	107.747	199.221	125.446	12359.4	200.84	398.629	0	0	-671.196	61.1829	680.868	2.74139	4462.9	1202.14	1055.44	0.0832981	0.695593	-3907.37
500	0.5	2.83353	2.47525	2.87519	28562	0.0499	1422.29	64.6802	264.535	250.953	218.086	291.757	213.649	279.186	178.831	168.698	213.099	151.182	175.704	165.803	170.894	163.604	186.191	173.106	230.708	194.407	213.807	195.403	183.039	194.54	155.086	176.977	238.122	236.384	295.232	207.106	228.619	236.108	210.102	104.565	76.8313	38.445	25.2412	22.3227	50.1462	52.708	216.026	22.0752	97.5133	84.3901	87.4639	113.442	124.241	131.871	107.797	73.6567	128.337	110.092	79.896	105.795	97.4892	125.335	105.462	73.08	85.1851	100.507	115.009	134.098	142.539	70.4496	38.6789	27.3475	22.3232	80.9351	45.7599	539.409	2.10779	3.99343	1.42788	6.43615	734.682	628.549	58.8591	225.348	478.204	1037.17	491.053	428.786	942.698	855.652	426.796	310.556	60.2562	1760.52	19.2773	61.5235	39.9949	235.447	155.04	328.515	288.652	125.241	239.983	122.999	29770.7	798.022	454.642	0	0	-627.285	85.1065	675.56	10.818	4358.45	1226.14	1199.25	0.387659	2.81756	-3772.52
750	0.75	2.94326	2.47525	2.99768	29668	0.0749	1351.91	54.2629	244.702	244.323	177.115	277.138	236.291	197.502	251.366	237.138	286.438	147.491	155.17	211.592	191.688	194.343	182.145	180.667	238.103	190.611	255.774	183.568	161.473	271.713	247.65	192.553	171.799	248.253	268.872	233.007	259.037	254.767	256.457	112.419	60.8318	19.3571	38.8849	41.1833	28.1953	21.3742	236.921	23.9074	82.4935	83.1887	101.422	120.057	128.653	129.588	100.066	112.844	121.67	127.867	86.9611	102.771	90.7722	102.679	99.8578	141.485	108.896	109.313	80.5933	97.7904	113.425	71.4205	51.3263	55.6854	48.0116	71.3057	63.2164	1146.73	3.44788	7.28086	4.24195	13.0357	1157.79	1536.75	109.2	234.938	490.656	994.643	407.434	507.765	852.692	931.341	498.22	303.028	45.5374	453.489	32.2171	72.7274	35.5646	256.327	128.326	414.28	229.565	124.258	214.685	93.3514	15357.3	1648.51	478.501	0	0	-483.437	64.9924	685.737	25.7795	4365.8	1203.6	1386.11	0.957832	6.02306	-3406.81
1000	1	2.65387	2.47525	2.67464	26751	0.0999	1295.09	60.7889	217.905	241.135	213.174	276.061	243.453	191.819	248.896	196.633	363.167	192.211	177.603	178.859	282.933	238.974	153.839	199.203	270.687	169.449	237.229	190.924	196.097	220.872	298.086	146.608	188.819	229.723	279.758	260.956	233.896	226.711	227.614	79.8839	94.8697	21.2315	21.5924	20.5221	15.95	19.3311	210.103	20.1195	86.8281	116.091	120.727	107.725	139.411	97.5831	103.338	91.2627	121.051	115.09	123.513	119.599	57.9361	76.2291	79.9641	124.356	159.344	103.909	103.335	80.0717	102.59	84.744	65.8163	84.1674	77.6121	74.2036	83.8818	1736.15	3.97698	15.8148	3.8896	12.5483	1053.7	2233.76	115.681	238.172	501.178	941.571	435.432	471.69	878.323	1067.54	498.059	274.185	64.3499	93.3454	18.4623	74.5217	37.2829	261.838	119.909	386.66	223.435	142.578	222.477	126.355	4591.36	2526.3	429.829	0	0	-495.211	61.1504	677.467	43.29	4323.11	1281.92	1056.67	1.38236	7.70538	-3103.75
1250	1.25	2.52363	2.47525	2.52926	25438.2	0.1249	1284.86	65.6252	230.81	187.675	207.962	238.782	195.927	183.678	191.388	277.614	312.83	173.824	201.69	201.331	229.28	210.794	142.013	222.708	259.889	177.426	214.861	217.503	192.905	243.371	271.457	177.361	247.14	212.049	209.654	236.03	227.079	283.725	200.382	103.014	87.0897	32.2872	21.0365	18.7863	13.2385	19.9944	239.783	27.5384	99.6295	81.098	112.835	118.167	108.283	109.526	71.1467	116.729	111.54	135.755	109.146	113.871	103.365	112.044	107.662	120.397	118.682	83.6181	91.7331	117.313	114.929	134.808	86.9717	129.62	118.522	111.328	113.604	2322.16	6.54926	16.6032	9.6895	14.7223	918.5	2360.83	114.014	235.942	574.955	909.424	410.676	447.988	911.873	895.669	427.843	285.04	48.6084	101.607	18.7739	57.2195	23.8523	290.66	132.157	346.398	240.389	108.581	209.295	117.408	1581.95	3434.2	478.576	0	0	-537.928	114.303	686.132	72.5332	4338.07	1279.5	907.876	2.01358	11.881	-3054.22
1500	1.5	2.54136	2.47525	2.54905	25616.9	0.1499	1340.01	66.5723	263.446	210.866	239.757	214.265	171.344	192.772	202.794	207.048	253.236	149.361	188.676	153.448	232.347	247.998	208.451	190.471	233.057	208.098	209.452	167.59	211.587	173.287	199.503	185.545	165.839	195.898	209.748	203.944	231.143	230.992	215.933	98.9095	84.3239	20.9693	18.4428	22.8029	32.114	26.6643	193.958	25.7681	92.6493	102.613	127.423	100.742	132.502	123.637	83.0587	115.202	96.9303	103.223	103.565	80.7798	90.9074	105.509	108.155	143.067	122.638	104.273	110.612	125.14	105.985	141.716	124.043	154.885	151.269	129.033	130.832	2630.28	10.985	19.3696	8.22596	12.5965	846.263	2100.33	116.244	248.861	503.426	965.945	443.159	445.006	845.322	921.282	434.018	271.278	39.1266	66.0638	16.0958	77.6723	25.6407	217.93	98.1213	344.141	249.94	127.288	292.679	112.672	913.461	3971.17	475.323	0	0	-544.984	32.6057	691.417	98.1565	4351.54	1336.9	812.719	3.28452	15.4847	-3237.54
1750	1.75	2.51099	2.47525	2.51514	25310.8	0.1749	1313.14	62.8193	209.966	247.214	213.724	226.082	146.261	179.358	147.242	182.313	234.932	171.344	172.545	173.241	211.318	187.451	151.43	193.009	203.975	201.816	200.232	185.464	190.033	173.762	188.61	144.173	191.579	181.089	232.331	191.507	207.033	222.643	195.974	152.475	84.9744	33.0019	26.0515	19.1738	36.0423	26.1314	216.147	25.0967	116.124	80.3344	146.786	147.039	117.835	132.068	84.9805	79.7871	105.583	147.139	134.27	99.6607	81.3786	120.576	94.8412	142.837	137.69	108.804	138.343	82.4583	109.888	155.717	132.417	158.939	131.085	148.495	139.017	2826.45	14.3429	20.8022	14.5949	19.4716	883.357	1879.49	110.268	213.685	489.699	999.22	426.33	430.232	839.068	983.042	464.466	295.6	44.1209	50.8462	29.1619	60.806	34.3014	252.72	105.23	378.152	235.11	151.494	237.463	134.369	656.452	4174.4	429.733	0	0	-562.323	78.0172	682.157	136.935	4334.27	1359.18	839.691	4.2508	22.0884	-3297.48
2000	2	2.52872	2.47525	2.53493	25489.5	0.1999	1297.88	63.8275	217.533	198.195	250.387	219.883	140.829	187.976	194.093	186.693	200.376	185.058	186.614	175.084	197.567	218.129	168.081	180.949	179.459	209.113	184.98	181.374	182.628	161.021	198.53	183.407	219.696	185.57	240.185	220.543	218.23	235.108	213.012	106.847	86.6173	22.7394	15.8656	21.2655	28.6392	25.6616	225.294	21.9539	88.8455	82.5589	144.346	174.532	167.566	174.493	86.1477	101.545	94.8402	134.506	89.4814	92.1004	91.768	110.259	114.753	199.027	160.986	124.212	111.853	107.171	108.974	178.133	145.974	181.692	171.582	220.586	162.2	2883.65	9.46212	8.53133	14.1059	16.8715	878.559	1700.51	97.0889	266.676	424.367	974.657	497.906	420.62	840.986	921.354	422.569	255.677	31.2826	64.2452	15.5236	66.6329	39.843	255.861	124.087	390.502	252.224	143.7	257.355	149.403	639.339	4359.23	520.328	0	0	-576.605	74.681	679.573	172.804	4359.52	1437.28	775.714	5.47743	30.4374	-3298.14
2250	2.25	2.52022	2.47525	2.52545	25403.8	0.2249	1285.44	73.4983	250.514	233.578	205.833	235.517	148.979	184.188	174.383	175.547	222.417	169.434	184.87	176.685	215.311	182.685	185.172	193.758	212.422	190.589	168.632	172.082	193.051	178.644	170.467	154.417	180.928	206.524	193.69	247.845	236.188	197.691	245.428	57.4448	66.7761	35.2788	19.2294	42.912	24.923	22.3839	249.973	16.9116	71.0292	92.532	109.894	121.339	137.689	138.202	101.219	108.35	113.603	166.303	91.1602	100.636	89.8478	155.404	120.196	135.701	170.513	116.406	102.692	126.242	128.44	212.014	132.463	230.13	178.833	191.749	150.168	2873.96	14.7517	19.6323	19.5769	21.0704	936.065	1544.18	85.8458	220.836	554.272	917.108	509.021	410.664	908.335	892.079	472.203	329.76	51.1704	46.2318	31.8821	69.5051	29.5852	291.834	183.847	384.71	245.162	122.989	228.664	135.004	497.165	4325.99	428.659	0	0	-569.183	104.054	690.277	207.206	4372.1	1448.86	783.102	7.14007	38.9117	-3336.34
2500	2.5	2.52699	2.47525	2.53301	25472.1	0.2499	1255.13	70.6808	236.269	239.016	227.86	210.479	171.887	236.848	177.679	171.302	192.849	185.171	198.311	198.447	220.959	210.292	159.872	177.879	210.848	188.032	190.054	191.256	149.888	156.216	209.428	226.304	229.012	198.567	231.359	227.217	222.868	211.574	229.035	112.593	45.996	21.0149	9.81875	43.1694	12.8775	17.376	189.164	18.4872	86.0936	127.604	138.404	159.918	133.069	123.238	89.3526	129.598	147.013	169.905	120.005	90.7975	76.288	129.501	110.084	114.438	146.852	136.946	96.6689	95.8081	104.288	183.367	157.11	193.716	192.474	193.652	186.68	2715.77	10.6177	37.7603	26.0382	16.9715	995.51	1503.78	87.1814	222.154	430.527	948.619	398.587	423.128	864.85	896.804	430.329	272.36	53.1314	54.7265	14.8912	95.6897	23.5853	272.312	137.169	378.844	275.446	133.015	204.481	144.662	579.334	4347.31	490.951	0	0	-583.61	96.956	690.181	261.937	4395.81	1527.08	743.855	6.73605	50.881	-3365.46
2750	2.75	2.4915	2.47525	2.49339	25114.3	0.2749	1271.57	65.5043	239.025	222.397	243.787	189.309	155.546	207.407	184.548	201.668	212.757	188.186	173.216	186.049	197.475	173.528	164.5	157.532	201.471	212.645	234.061	193.406	153.384	141.876	154.794	203.041	205.957	167.256	210.945	227.88	257.063	198.876	228.829	103.092	71.0683	29.0357	27.0957	29.5374	11.0525	22.0507	204.012	12.0933	116.122	104.67	101.347	157.738	137.608	128.169	98.8539	105.77	94.7163	148.323	80.2749	90.7336	110.01	127.385	100.859	111.753	210.246	128.692	92.2467	95.5151	103.839	175.856	184.026	197.918	196.581	223.274	173.838	2374.66	18.7721	30.3809	18.5721	18.8214	1011.83	1384.01	89.067	237.39	546.866	987.621	391.636	451.483	912.454	877.865	491.619	226.884	58.5662	52.7375	23.9035	75.9548	24.2841	213.103	139.675	419.036	220.341	113.515	258.018	125.56	460.8	4338.52	451.364	0	0	-592.416	65.9436	681.686	303.201	4398.04	1494.14	739.776	9.45018	60.3525	-3270.26
3000	3	2.51867	2.47525	2.52372	25388.2	0.2999	1242.64	62.6614	247.286	314.146	257.852	249.587	155.349	210.669	225.408	164.403	204.405	226.73	172.79	203.242	169.232	179.423	180.292	162.437	188.289	204.506	214.437	164.876	163.404	125.964	160.298	169.51	208.207	194.745	266.876	213.403	211.903	213.178	249.79	74.208	73.5048	24.4554	22.9577	22.985	10.8942	19.7658	240.739	15.8993	86.5002	96.1322	133.873	168.63	164.043	170.927	83.4593	93.292	119.204	152.748	93.71	115.603	97.7446	113.13	76.4279	114.475	156.924	117.436	106.712	83.0949	85.5864	209.17	140.755	191.994	150.059	190.027	142.178	2301.35	15.1703	18.2514	22.2242	34.9658	1028.38	1299.08	90.7244	223.013	533.931	937.135	433.702	467.147	961.828	952.355	455.673	297.045	75.6497	50.1173	17.2496	84.7692	33.9754	262.234	106.491	411.287	248.74	147.967	233.574	109.059	496.602	4263.12	452.3	0	0	-585.511	83.437	672.767	364.35	4420.9	1536.59	758.588	12.3324	70.3086	-3285.87
3250	3.25	2.49986	2.47525	2.50272	25198.6	0.3249	1217.75	58.515	255.959	223.292	230.962	270.792	173.335	200.956	167.812	182.133	186.445	125.728	180.677	196.791	200.791	175.672	177.482	223.314	201.048	213.858	202.273	185.253	125.033	180.191	181.448	154.864	205.115	199.037	220.617	276.98	229.507	248.292	226.029	108.209	77.9737	16.2178	18.6575	27.0178	21.3628	19.1123	237.652	21.8932	70.2697	98.1629	141.773	179.195	138.864	132.046	130.032	117.485	97.0994	162.908	100.918	95.7181	111.561	132.995	123.207	125.869	152.878	120.49	123.997	120.408	108.192	208.005	211.358	225.669	155.49	188.634	136.318	2102.65	17.6647	22.4167	28.2592	23.3844	1119.67	1225.97	95.9217	254.204	483.602	955.732	454.696	440.857	931.085	843.849	421.995	258.21	53.0051	55.743	20.8369	86.2232	38.6938	250.698	111.084	449.59	253.504	117.517	269.476	165.841	466.179	4096.78	461.04	0	0	-603.905	50.714	668.1	419.927	4416.97	1510.67	738.636	11.6273	82.625	-3214.05
3500	3.5	2.48732	2.47525	2.48872	25072.2	0.3499	1209.01	55.5365	235.669	263.77	259.702	261.345	147.882	208.477	226.756	171.271	160.356	167.781	175.697	179.659	162.358	185.755	191.594	194.256	174.045	203.356	224.111	191.023	166.02	164.088	172.024	187.499	216.049	157.039	193.137	235.048	189.167	226.185	201.545	117.497	97.903	23.2974	18.9742	14.7703	21.8407	22.9227	218.225	50.4617	81.5137	114.586	126.395	155.406	153.99	160.878	96.0224	86.1099	118.596	140.05	91.8308	117.862	96.1976	138.646	132.524	114.663	141.017	101.185	109.178	107.426	86.9163	219.233	179.712	175.978	169.766	232.027	128.642	1670.25	14.4718	34.0521	29.1282	46.3669	1166.71	1183.77	80.939	248.305	532.232	1037.23	440.474	453.546	848.435	898.826	450.183	295.93	48.3981	65.2323	28.886	67.3392	18.2436	247.882	142.875	372.006	246.476	108.601	253.633	107.625	439.87	3830.7	413.304	0	0	-595.045	55.492	661.52	480.267	4388.98	1522.77	734.144	13.9755	102.587	-3188.03
3750	3.75	2.52436	2.47525	2.53007	25445.5	0.3749	1207.14	54.91	261.724	209.997	220.326	208.226	162.226	226.172	203.413	177.598	173.795	190.231	161.925	177.838	230.253	170.265	186.364	175.131	160.597	202.888	198.411	200.732	177.925	149.139	192.379	204.172	190.566	192.358	235.573	207.292	250.799	269.466	231.874	100.116	66.6676	24.5446	24.475	22.5299	24.588	32.4868	224.939	24.6865	71.8173	102.036	123.854	138.064	94.3546	162.403	100.265	114.477	90.388	126.967	110.318	109.133	93.6326	99.6669	93.5813	149.132	133.499	102.87	98.3231	144.091	84.0641	216.682	175.917	160.61	176.875	233.664	157.059	1589.03	48.3023	25.5415	18.388	39.4359	1155.43	1063.24	82.4748	210.247	462.553	927.967	507.49	442.11	907.532	895.09	439.656	279.771	44.373	66.5783	29.1939	74.2492	39.4504	233.206	107.403	394.797	248.076	148.578	262.851	89.2348	481.08	3708.41	492.855	0	0	-583.73	98.0532	677.811	528.876	4374.24	1559.48	741.008	16.5539	105.651	-3096.64
4000	4	2.51453	2.47525	2.5191	25346.5	0.3999	1173.24	55.7108	226.202	189.484	204.701	272.836	153.427	194.341	175.127	150.931	186.513	159.131	208.988	179.037	221.921	159.879	181.536	205.585	169.229	203.257	179.669	193.198	183.099	169	180.451	189.878	204.78	195.532	262.666	202.525	191.797	241.844	250.328	72.7661	79.2815	18.5731	27.3358	29.8869	17.1166	35.1906	224.273	21.4802	92.9001	85.9268	135.963	144.03	170.114	148.36	86.0792	123.697	139.102	182.827	116.983	116.997	101.113	102.181	111.276	138.755	172.687	114.745	102.847	135.382	118.441	218.921	158.291	153.933	186.242	240.157	175.558	1462.71	28.7569	53.329	15.9357	22.2745	1257.84	1052.63	82.8519	199.893	485.452	1002.54	429.942	420.389	882.258	912.653	469.562	283.765	43.2843	36.3405	17.3026	81.6752	32.1711	251.864	131.04	377.642	269.173	116.317	248.218	109.452	460.769	3649.62	392.362	0	0	-593.976	58.5957	659.126	571.456	4390.74	1532.16	733.672	18.5521	127.747	-3112.8
4250	4.25	2.48599	2.47525	2.48723	25058.7	0.4249	1130.04	56.4921	244.89	241.991	256.685	235.009	178.09	220.938	170.686	175.712	186.737	158.831	187.908	189.845	209.957	219.373	201.424	203.25	157.801	223.081	240.206	218.614	168.341	162.984	180.827	187.069	197.666	191.282	246.082	210.31	199.747	190.471	253.998	58.0524	80.3936	22.6373	22.4618	32.2272	26.3065	31.6444	213.554	25.8031	74.6912	91.2825	138.198	120.806	138.004	120.274	94.4209	107.032	95.4743	168.25	129.66	95.8041	100.674	110.71	87.0145	148.573	160.784	109.503	85.5641	82.5668	125.317	235.959	161.329	156.165	168.956	199.85	153.056	1479.71	34.7787	35.9104	20.0117	18.6476	1243.47	980.771	78.6491	237.39	481.095	941.654	467.21	420.75	911.599	911.517	457.163	273.099	52.0747	49.2341	34.7159	79.1715	15.3139	203.956	128.492	419.94	259.19	130.501	310.962	122.065	509.205	3599	441.665	0	0	-576.133	84.6233	667.937	635.574	4382.39	1570.3	753.05	22.7612	147.801	-3091.44
4500	4.5	2.47569	2.47525	2.47574	24954.9	0.4499	1117.85	53.8341	234.401	212.216	226.849	251.387	176.033	214.437	193.658	165.104	159.69	187.583	201.478	178.583	156.546	156.834	177.916	188.755	162.945	187.308	209.218	162.534	180.354	149.941	161.205	160.786	230.605	176.168	195.894	222.009	250.7	239.46	216.586	90.2188	112.216	43.1158	17.4169	20.5021	35.5451	18.7656	229.04	21.0417	77.706	96.9688	114.985	123.829	137.846	124.946	103.472	84.9378	107.304	137.202	101.222	128.333	95.3699	124.927	109.527	104.415	145.979	126.952	121.737	85.857	72.7462	187.648	143.531	171.913	131.356	227.965	124.78	1346.3	23.915	25.2399	20.9384	22.7564	1231.4	910.744	76.9577	231.52	461.281	1046.05	471.651	430.614	914.771	879.339	443.669	303.374	55.5902	40.7526	27.7506	71.6235	23.5407	257.424	120.971	379.463	209.212	90.2123	229.427	133.152	437.512	3368.14	448.429	0	0	-577.429	92.5479	656.706	651.976	4364.21	1583.04	779.468	21.7596	160.808	-3111.04
4750	4.75	2.4827	2.47525	2.48357	25025.6	0.4749	1082.12	52.4649	235.491	216.233	199.121	233.88	152.178	223.407	201.563	202.511	158.277	172.395	157.118	163.657	196.351	206.153	171.732	181.266	184.246	184.185	193.567	154.475	183.649	143.374	172.73	177.005	161.053	179.464	250.238	222.767	225.032	218.255	233.965	94.9188	68.1952	29.1959	17.0507	37.1377	42.836	25.1532	212.437	27.619	76.3604	103.755	96.9276	137.184	133.459	141.647	76.4041	101.838	148.301	142.519	119.118	84.0043	98.1847	93.0428	89.0637	136.213	131.558	135.314	96.5255	97.9946	90.2373	214.156	177.668	183.074	163.35	208.615	155.828	1347.73	20.6006	22.1677	30.6038	15.6024	1305.89	855.696	69.3275	201.273	562.09	923.67	441.656	414.481	821.503	841.229	407.635	270.793	36.6696	40.2748	22.9421	87.6102	9.46942	290.395	131.342	360.204	231.72	125.133	297.468	141.377	496.269	3008.59	455.13	0	0	-579.248	73.698	665.799	742.978	4354.28	1549.3	799.198	21.5791	171.335	-3141.34
5000	5	2.47913	2.47525	2.47958	24989.7	0.4999	1041.97	52.1795	236.699	250.392	203.794	236.022	184.635	210.464	166.444	199.223	194.334	174.65	200.153	176.392	168.687	149.631	154.563	218.673	178.984	158.785	160.649	177.095	162.956	137.825	180.364	173.761	202.869	157.917	208.741	232.73	222.119	274.937	226.116	109.971	70.8173	35.7656	37.3532	17.4274	34.2026	22.0783	198.155	33.0427	106.141	100.331	138.344	97.7679	159.854	160.055	86.7889	119.324	116.916	157.078	101.62	114.309	103.775	97.2057	120.641	88.7749	143.58	109.06	97.2223	89.8068	103.492	221.206	151.633	191.928	161.807	214.417	120.325	1289.79	22.9103	34.9662	26.3299	23.5756	1451.33	807.691	69.732	237.016	498.462	936.531	388.517	463.019	843.929	919.193	428.482	250.004	59.2476	56.4451	31.0946	56.9908	17.025	281.489	101.846	389.261	214.106	127.337	207.694	160.893	452.158	2820.03	434.621	0	0	-578.484	68.8737	659.231	739.327	4361.52	1545.9	811.848	24.5505	191.017	-3133.54
5250	5.25	2.49603	2.47525	2.49845	25160	0.5249	1007.71	48.8691	216.479	193.079	206.863	213.32	191.675	174.914	172.785	182.333	219.065	152.097	214.56	216.216	182.944	230.409	203.197	177.268	155.651	182.454	196.234	217.73	159.8	157.828	179.362	183.795	220.202	208.325	230.198	231.931	244.558	215.202	229.992	89.3732	87.8469	23.3359	24.7662	19.3688	19.3612	42.9273	237.847	23.7857	68.1082	98.5444	137.932	95.3046	125.373	148.28	111.398	118.367	101.876	139.701	124.866	85.1623	108.608	111.287	114.41	121.097	135.662	125.534	109.017	87.5538	72.1201	245.277	151.9	182.188	177.359	208.312	135.903	1208.83	15.6173	15.9974	18.6271	17.0223	1342.71	769.598	58.3698	227.378	553.358	906.326	465.066	468.674	760.533	835.547	416.809	339.953	43.6197	41.4865	14.3002	84.1739	29.346	267.016	102.662	358.435	262.996	123.782	193.875	151.628	515.836	2781.03	403.558	0	0	-582.938	59.8827	646.718	782.682	4389.84	1537.99	820.583	28.6485	195.242	-3039.2
5500	5.5	2.4878	2.47525	2.48926	25077	0.5499	975.531	48.1606	211.044	204.115	231.859	254.545	167.938	187.423	189.323	167.046	187.527	190.431	203.381	193.306	173.859	188.898	168.135	185.607	178.758	199.883	190.328	215.806	149.16	177.143	167.986	152.944	190.072	180.456	224.762	197.437	195.732	221.739	224.668	99.8951	79.8009	35.4858	12.4196	20.8564	22.6275	34.4416	189.525	23.7389	102.691	103.843	101.462	114.269	147.041	138.816	97.0771	92.7838	85.6775	125.162	133.203	103.442	77.8186	93.866	88.6958	119.336	153.562	113.332	119.704	94.4363	112.553	230.528	135.941	140.078	151.889	246.957	142.903	1362.53	28.609	28.4634	23.5212	22.9995	1318.7	757.748	55.2542	250.979	514.96	938.868	468.116	478.757	785.78	884.204	475.064	277.246	44.3895	41.6402	9.22217	85.5975	32.0058	214.751	123.868	371.83	230.914	135.698	252.172	101.024	559.923	2515.64	431.635	0	0	-583.968	56.9262	661.007	862.875	4399.81	1536.29	853.867	26.8965	230.526	-3050.37
5750	5.75	2.46166	2.47525	2.46008	24813.6	0.5749	936.633	46.6915	214.906	210.338	201.329	214.193	121.643	196.071	193.59	131.134	181.875	178.516	132.537	197.692	174.66	185.203	165.587	174.249	210.924	190.981	182.655	175.87	195.185	152.918	160.301	185.407	175.05	190.036	210.318	173.891	225.324	176.385	193.013	94.8249	124.303	29.1177	31.3279	32.4142	29.1856	17.7132	233.237	20.4225	65.9764	96.3913	128.864	116.622	166.639	176.865	88.544	83.1411	106.728	111.83	93.6326	118.414	109.732	119.874	142.744	96.9914	140.105	143.96	126.334	96.876	95.1684	220.193	160.465	209.23	137.964	264.124	155.372	1181.65	28.7588	30.3249	19.4269	22.1228	1405.1	703.945	51.0093	205.737	508.559	906.924	405.666	467.934	889.957	912.735	429.594	317.303	47.9242	40.2722	25.4784	80.7901	32.3086	284.645	123.587	363.832	302.256	102.659	264.397	113.715	478.08	2309.61	460.963	0	0	-580.568	75.9012	635.264	804.39	4401.24	1541.31	820.791	28.6744	234.123	-3057.55
6000	6	2.5005	2.47525	2.50343	25205	0.5999	897.33	43.4963	245.191	214.54	239.662	222.862	162.452	157.954	182.743	127.981	163.422	153.817	165.581	204.15	165.746	166.252	207.386	183.089	169.037	186.069	165.847	191.438	184.018	152.877	140.298	210.376	179.882	197.215	203.616	243.164	225.084	227.945	255.057	71.0051	60.3086	22.0063	26.0368	24.284	13.3547	28.1239	241.689	21.2923	65.7416	88.7542	129.92	143.096	155.67	174.131	113.984	120.558	119.33	148.895	127.281	108.378	136.148	119.504	141.608	138.865	134.628	99.9346	94.5073	90.9102	94.083	231.325	116.592	152.818	150.513	263.562	147.613	1239.79	33.7003	27.0553	15.2083	22.8275	1396.46	666.045	53.258	225.985	469.224	927.674	458.962	410.961	935.861	834.376	432.67	289.196	50.2179	54.1413	22.7314	50.1541	16.7948	282.061	127.841	371.448	278.853	125.634	228.569	152.882	411.019	2135.08	467.354	0	0	-579.141	78.5777	644.045	776.531	4404.73	1532.52	796.278	33.929	260.666	-3080.62
6250	6.25	2.51027	2.47525	2.51434	25303.5	0.6249	850.853	44.2999	244.315	192.134	252.202	235.922	124.402	178.565	190.567	155.954	206.09	173.593	152.145	167.578	196.218	164.698	177.395	139.637	159.895	176.719	164.938	173.492	145.187	164.862	180.628	184.06	195.906	169.438	204.797	273.262	228.994	206.528	239.379	89.8423	66.3242	19.2292	20.3284	15.361	12.9887	23.5052	231.255	25.4311	59.2825	113.334	118.368	127.544	136.12	135.925	126.719	91.9704	101.41	123.229	105.961	96.2747	88.7308	108.483	77.3252	114.522	115.257	112.444	96.1887	105.589	106.467	231.059	139.583	171.702	166.417	215.292	141.513	1243.23	17.7987	23.2851	36.1068	10.3941	1315.94	615.173	52.9509	186.554	499.57	880.066	446.006	394.623	1021.88	946.374	452.661	217.786	33.401	42.1886	24.3772	88.5508	24.0426	263.032	129.216	395.026	242.306	131.376	204.273	121.588	419.109	2109.15	460.064	0	0	-573.047	73.0703	659.915	915.979	4394.15	1531.34	781.519	35.8721	289.944	-3024.15
6500	6.5	2.4475	2.47525	2.44427	24670.8	0.6499	807.812	39.1292	232.243	213.292	258.209	238.187	141.38	205.382	184.244	157.322	201.889	129.687	170.538	200.875	191.704	167.371	171.691	170.409	199.95	200.729	160.345	220.415	167.833	147.531	169.273	150.455	222.487	180.908	206.958	224.083	223.893	211.44	221.864	82.9067	102.095	22.4979	20.4873	18.7769	22.8821	24.7761	194.984	12.5714	75.6039	115.695	101.742	99.1767	155.281	153.806	96.0407	98.1837	83.7562	134.514	100.988	80.3212	75.7283	90.0427	114.124	117.226	139.85	112.615	85.5481	108.17	95.8295	229.798	140.942	172.518	204.691	202.043	152.641	1201.44	24.1862	18.7669	25.1264	22.2917	1357.68	576.598	54.6015	253.81	536.098	970.035	431.408	427.986	915.141	812.89	486.828	301.911	59.2774	51.4268	22.7811	70.4157	16.3863	233.005	132.784	383.214	250.565	115.443	283.3	119.3	469.22	1776.52	484.767	0	0	-579.291	68.695	645.852	837.724	4388.63	1526.22	791.909	39.3396	317.2	-2981.63
6750	6.75	2.50305	2.47525	2.50628	25230.7	0.6749	771.228	37.6252	249.931	217.946	204.931	235.432	151.507	168.711	179.853	156.209	145.469	163.017	157.939	186.845	174.041	153.109	149.222	186.246	188.924	160.127	150.21	177.362	163.372	155.26	183.718	154.886	183.004	189.037	207.644	183.883	243.518	225.494	238.631	106.482	57.8983	34.7111	23.8577	25.8797	26.8573	26.4286	208.739	20.5136	85.2475	117.721	104.562	91.0497	129.081	144.549	118.361	98.5085	126.551	106.667	121.274	83.2581	118.053	96.5547	114.536	152.571	116.23	102.353	120.804	115.266	113.54	253.989	187.43	160.607	145.905	248.706	146.431	1193.81	29.6645	22.3098	16.2098	30.0277	1384.73	537.412	40.1083	235.355	510.766	929.238	428.274	420.175	888.66	826.987	461.81	268.022	47.159	60.7898	17.1177	66.476	30.5983	212.88	166.379	438.152	312.182	106.412	260.397	101.353	464.736	1764.11	415.115	0	0	-587.75	86.3408	654.59	843.399	4392.15	1519.53	801.879	33.2186	340.494	-3035.86
7000	7	2.46527	2.47525	2.46411	24849.9	0.6999	718.887	35.04	214.231	205.561	236.796	225.283	148.925	219.889	231.672	143.141	183.798	193.797	175.796	162.369	185.206	179.447	182.734	184.684	160.066	148.507	187.078	187.581	185.441	189.72	155.526	161.313	173.246	161.499	221.477	229.162	248.2	239.288	215.081	62.8991	122.713	17.3872	26.5829	19.9814	29.8739	37.2719	224.653	34.5951	89.2612	97.2364	117.018	126.592	137.97	105.765	102.637	121.413	116.13	132.716	105.124	104.049	84.4466	96.2597	104.692	110.971	133.902	97.1379	99.8698	92.4995	89.9064	210.463	149.369	174.462	155.242	255.192	168.926	1161.35	11.1085	18.549	25.6163	19.8945	1362.34	502.382	42.9247	192.303	506.019	948.442	473.922	455.041	912.151	933.691	416.466	241.921	47.7498	50.5566	17.0765	73.941	21.7184	267.675	138.61	386.71	241.153	115.229	265.138	127.532	442.03	1583.28	422.069	0	0	-590.088	59.2054	658.911	919.921	4374.94	1493.64	797.871	36.6565	338.687	-3007.94
7250	7.25	2.49209	2.47525	2.49405	25120.3	0.7249	671.599	32.8226	235.918	212.044	216.178	234.225	145.933	234.066	175.351	196.352	191.827	155.957	169.927	239.985	159.29	202.057	187.987	166.845	178.174	217.601	181.814	175.929	146.459	153.03	146.253	197.963	212.255	151.588	243.586	214.333	231.331	257.557	260.313	81.9228	58.0408	21.7382	20.278	24.7678	19.9432	24.4516	229.792	22.2606	77.8327	97.6945	92.3413	111.898	159.503	136.411	98.6696	101.715	91.8888	165.871	93.0116	90.1684	114.349	107.19	123.2	128.736	148.055	102.345	109.494	124.522	94.7833	203.582	162.492	151.097	143.563	203.133	158.235	1136.59	24.8348	33.7179	15.3793	24.6571	1320.74	487.931	40.5495	243.322	530.234	961.959	535.772	431.822	869.039	905.872	431.414	276.142	51.6381	35.811	22.69	88.3615	25.6385	255.6	133.616	390.429	224.262	125.317	270.252	130.336	484.475	1457.03	474.538	0	0	-595.943	76.2027	652.732	840.63	4388.39	1467.59	793.115	36.3746	375.673	-3044.25
7500	7.5	2.50066	2.47525	2.50361	25206.6	0.7499	626.957	28.9753	252.442	254.892	228.025	219.984	144.211	217.578	182.779	169.235	204.259	159.827	182.489	207.138	216.433	181.663	158.543	157.06	177.974	175.069	222.752	159.289	158.46	156.194	163.272	152.07	201.77	173.739	220.619	238.963	209.771	229.338	259.168	67.3761	83.7518	27.5938	20.2402	24.1555	35.9689	13.9475	211.764	20.7197	73.8386	140.109	118.03	112.977	185.737	108.71	90.5851	104.505	104.482	101.326	72.1728	101.396	99.443	143.112	92.8426	154.418	113.119	102.62	109.994	113.529	103.828	248.33	160.686	189.668	132.444	230.185	147.942	1111.56	34.8835	15.5685	18.9636	14.0812	1293.44	462.381	34.6105	233.99	532.762	932.521	508.73	446.998	890.006	908.967	422.93	269.11	25.155	44.4231	17.7898	64.5354	19.8914	222.538	128.94	329.681	257.055	157.54	230.354	141.902	409.198	1316.02	493.822	0	0	-585.774	71.254	664.597	846.378	4402.57	1486.71	823.519	40.1636	387.317	-2998.83
7750	7.75	2.49493	2.47525	2.49722	25148.9	0.7749	569.488	28.9429	214.291	220.571	235.05	235.841	170.011	182.728	177.979	151.216	154.519	144.974	188.036	194.332	142.078	183.279	194.259	188.076	208.305	214.587	173.49	210.958	172.623	154.605	165.831	166.387	196.11	170.904	255.419	250.474	199.484	222.443	246.184	66.9387	69.0301	12.2706	14.4779	24.7899	11.4855	31.8475	199.9	39.7628	112.966	98.9269	125.205	107.783	141.438	143.523	103.776	125.22	96.344	101.239	108.377	73.7678	67.7863	108.821	93.5433	103.211	175.743	99.4671	76.3853	116.546	99.3484	220.65	145.657	146.433	170.252	227.432	154.348	1094.35	22.3149	30.9404	34.6067	19.5023	1225.83	440.821	31.1864	227.303	404.434	964.774	478.959	442.177	802.822	943.114	387.886	243.454	69.5397	46.4029	35.1024	75.7654	31.5613	240.824	107.77	429.668	244.091	118.623	300.434	147.926	373.986	1261.49	437.738	0	0	-583.373	72.7026	634.311	848.023	4396.27	1494.24	813.982	40.3687	448.589	-3036.19
8000	8	2.4433	2.47525	2.43958	24628.5	0.7999	517.932	25.9062	225.502	183.487	227.095	229.814	160.806	245.22	174.204	176.923	208.153	160.394	180.858	181.344	182.775	208.29	214.824	189.114	157.443	213.345	214.014	171.516	172.169	172.519	163.25	214.05	178.862	218.681	273.274	220.25	243.551	191.858	224.807	113.929	56.3916	25.8908	26.6865	12.3057	26.0775	38.9795	184.61	24.2599	109.645	107.496	102.168	119.165	109.36	145.542	95.832	113.565	115.221	144.714	129.25	128.793	91.5767	112.378	104.586	130.262	129.969	130.2	107.108	82.9635	101.347	209.254	141.785	151.041	147.411	230.237	130.001	1082.37	18.0044	24.9939	18.3534	19.428	1148.71	396.58	28.5938	266.957	541.46	929.894	485.918	417.096	854.046	950.336	483.617	262.819	81.9271	73.0093	29.1749	77.0463	27.2893	253.576	120.823	370.598	254.878	125.255	227.947	127.26	461.3	1121.02	362.617	0	0	-586.829	56.9361	649.447	906.417	4390.48	1489.36	782.898	44.2564	441.587	-3073.83
8250	8.25	2.45302	2.47525	2.45043	24726.4	0.8249	469.693	22.0416	223.977	192.959	243.02	168	151.061	196.033	175.467	192.672	151.581	168.542	170.323	144.848	212.047	191.087	177.92	168.306	170.098	185.884	227.71	208.367	145.925	162.894	176.571	164.448	213.686	190.595	226.502	285.626	224.27	294.3	227.497	89.337	64.8118	21.8103	35.5108	24.9714	25.6642	25.9347	210.906	26.2053	87.9022	97.6301	116.982	93.3655	158.681	182.751	125.903	113.537	107.939	101.57	91.5877	115.595	102.027	88.85	94.7947	131.972	106.606	91.1575	104.182	94.6993	101.897	190.175	138.928	176.991	127.715	260.735	125.684	1208.63	17.3903	19.5544	28.2399	37.1029	1119.12	346.641	24.9338	235.851	408.18	1057.74	403.529	448.302	815.852	945.347	442.02	305.192	59.4119	70.3696	43.7579	90.5151	20.111	243.595	125.472	342.397	263.78	122.014	255.094	104.083	455.593	989.117	489.523	0	0	-606.96	75.1947	647.834	829.083	4355.22	1465.93	785.197	55.2408	457.764	-3058.91
8500	8.5	2.47147	2.47525	2.47103	24912.4	0.8499	406.217	18.3471	203.217	230.923	244.456	183.093	175.936	188.55	156.899	187.01	185.324	142.229	188.21	164.935	178.998	154.201	150.75	162.46	195.45	170.422	171.036	200.977	155.962	153.863	176.967	170.525	204.49	191.806	221.613	203.389	254.347	221.86	205.887	103.866	80.3964	31.0396	22.8252	20.6993	29.7434	20.6066	204	25.3224	83.4938	109.583	113.697	110.226	121.578	182.009	76.2267	123.478	98.0282	130.661	106.595	94.4884	82.999	82.9681	89.9741	113.12	139.294	102.845	111.317	90.3431	123.774	204.518	161.055	166.225	136.048	233.041	152.908	1104.18	24.9777	23.5067	27.4854	34.4322	987.887	313.717	21.1395	213.843	551.002	898.104	441.353	461.31	852.616	931.209	418.69	276.531	44.5327	59.3358	19.0097	70.6161	20.6342	271.765	134.531	360.773	252.415	130.228	251.031	111.807	409.91	972.004	418.782	0	0	-595.194	76.6422	652.346	873.631	4382.85	1478.93	799.17	51.5711	504.601	-3059.92
8750	8.75	2.51495	2.47525	2.51957	25350.7	0.8749	343.993	14.7888	301.792	245.038	210.071	229.493	206.499	183.016	148.78	160.607	166.128	177.449	210.23	184.02	188.609	188.916	183.505	144.451	178.289	169.162	164.648	215.337	161.679	149.922	210.672	193.116	176.977	170.355	187.574	249.104	249.771	235.342	246.283	91.5572	57.229	26.1851	21.2131	30.3597	22.8031	20.9658	210.725	25.8033	83.5727	98.6334	102.791	100.254	139.943	127.658	83.598	88.4476	94.9452	114.556	92.3712	99.9633	100.454	97.1138	118.87	129.521	142.663	80.5469	115.022	101.669	134.425	265.529	151.255	163.23	173.489	220.68	148.597	1038.42	18.2039	27.7178	32.2369	26.6951	912.236	263.555	20.9898	219.205	480.161	951.808	462.173	455.24	902.228	963.115	394.846	229.292	48.0997	49.1717	33.6786	64.5903	26.9665	240.443	126.813	334.347	243.523	114.038	221.166	128.436	412.292	881.998	456.235	0	0	-582.682	95.1758	660.443	805.283	4385.29	1439.24	796.261	70.248	513.729	-3087.6
9000	9	2.46644	2.47525	2.46541	24861.7	0.8999	282.894	12.2813	221.097	228.699	187.948	213.229	176.344	197.913	188.295	174.815	159.557	133.74	173.675	181.674	190.826	209.691	140.206	223.245	183.239	164.312	157.663	179.561	152.342	155.265	176.182	172.734	206.43	170.552	239.138	232.779	186.409	229.173	212.71	98.4851	83.1596	18.4221	11.9238	18.6815	36.5665	41.3676	191.064	25.1012	70.4432	146.212	117.824	86.5361	116.923	149.694	116.049	96.0564	90.4404	108.767	80.3095	114.75	83.8704	105.837	133.882	124.606	134.848	105.25	122.93	85.4849	78.4347	231.677	155.29	144.306	163.52	196.667	136.627	1160.95	15.2639	23.0127	30.458	19.757	765.037	200.839	15.701	225.244	511.468	988.332	453.813	466.397	790.063	812.478	448.307	266.355	61.9223	68.1738	24.1064	78.7597	21.0587	254.912	142.256	389.407	251.868	104.827	244.854	106.851	402.303	822.11	449.824	0	0	-582.976	115.469	666.262	831.66	4370.71	1467.78	759.171	66.0116	552.595	-3074.75
9250	9.25	2.48706	2.47525	2.48844	25069.6	0.9249	218.571	9.17711	263.919	230.699	192.926	225.393	156.687	235.827	167.502	169.905	173.826	144.133	192.868	173.201	174.332	189.011	207.822	189.236	165.875	205.28	201.608	199.785	180.95	192.033	164.835	165.541	219.95	163.558	206.736	239.678	230.74	213.352	238.964	83.8587	68.7905	24.9683	11.5881	17.0469	22.3892	11.6157	215.138	12.2863	65.0116	142.309	99.3537	116.999	138.076	153.814	87.0775	99.0961	114.275	115.631	119.638	92.5069	88.2443	113.153	89.308	149.37	135.55	100.81	132.706	102.825	85.5295	246.866	150.032	152.669	158.232	205.89	155.009	1065.34	14.5013	29.3838	17.7932	25.5031	656.967	160.512	12.5262	212.652	531.738	905.769	480.063	452.211	907.54	984.19	485.206	281.442	43.7619	66.4296	23.8434	57.2347	37.184	279.309	133.005	357.158	247.925	119.076	266.694	127.914	450.075	786.922	475.108	0	0	-582.584	48.3095	654.306	792.225	4369.41	1461.82	762.529	63.0852	566.021	-3090.47
9500	9.5	2.44494	2.47525	2.44142	24645	0.9499	147.604	6.3755	195.935	233.353	240.025	253.838	181.065	250.822	156.467	178.862	159.489	184.783	170.854	200.806	194.115	142.329	184.632	163.624	169.076	198.784	214.815	166.947	169.549	137.378	193.171	202.952	207.256	176.755	222.785	210.62	184.139	238.619	210.99	105.914	87.7949	23.5971	25.2783	23.6661	32.393	25.7177	195.438	32.7015	78.0326	125.269	88.5152	120.578	123.317	151.9	85.4964	122.506	119.561	115.88	119.02	128.274	69.8149	86.8049	112.685	129.481	113.699	85.8624	115.531	116.081	99.061	246.397	135.633	140.498	149.842	217.396	147.455	1098.06	20.5981	16.8098	40.587	21.5691	480.584	109.654	9.43619	245.144	464.831	925.487	381.415	440.829	824.265	947.329	509.787	279.159	44.2893	32.3288	27.2388	89.9395	23.4929	228.064	117.8	414.228	274.765	122.959	263.143	166.315	462.91	669.121	460.215	0	0	-581.591	81.5412	668.884	834.547	4358.65	1462.6	754.132	69.4585	596.56	-3102.92
9750	9.75	2.49841	2.47525	2.50111	25184	0.9749	77.9513	3.39284	197.682	198.128	203.549	279.796	167.536	176.236	172.586	165.178	192.312	158.335	202.776	193.569	181.207	186.719	171.572	192.695	171.744	194.934	173.423	201.289	151.017	142.524	191.065	138.287	208.808	166.91	225.261	240.746	212.395	232.051	245.152	77.2863	64.2574	24.1171	21.3121	31.6553	31.1478	25.6404	239.718	27.3151	87.0536	74.5793	103.236	105.801	141.205	149.846	96.3751	104.917	120.486	141.499	121.808	92.3747	96.3871	109.385	81.179	123.525	123.638	123.444	94.829	97.8934	98.324	252.785	139.561	156.127	158.078	250.208	142.306	1027.7	19.8126	38.971	20.8644	31.4111	263.868	54.2165	5.28696	225.688	512.929	985.333	404.385	447.653	935.31	903.21	531.319	259.084	63.5683	45.2604	22.65	83.4042	25.7247	241.721	137.525	372.642	253.546	201.594	329.704	142.786	467.827	634.53	469.564	0	0	-594.874	60.2175	652.881	744.787	4368.83	1456.22	724.311	54.7175	595.797	-3103.44
10000	10	2.45553	2.47525	2.45324	24751.7	0.9999	0.322649	0.0137205	210.671	207.083	240.96	217.852	153.091	194.989	178.499	164.812	168.875	178.044	208.429	185.903	198.828	191.085	182.293	186.498	167.942	217.555	175.443	191.179	185.081	176.292	175.513	182.61	194.839	153.491	196.003	249.936	258.372	169.324	247.658	53.7306	80.8834	14.3002	30.8416	17.3497	51.9583	34.2084	245.823	16.0589	85.3917	90.9459	98.8976	116.176	113.551	193.337	97.2657	93.2725	115.736	147.714	98.2895	89.7028	93.5102	95.3182	99.6247	100.386	147.832	118.651	111.492	80.5224	93.6792	214.226	135.75	132.133	166.564	241.854	167.109	1061.09	37.7426	19.1177	40.2733	34.9563	1.20784	0.243755	0.0199687	209.959	543.661	929.186	421.183	463.724	921.631	1047.05	466.047	287.831	35.5127	62.2483	28.6456	79.2014	12.4504	260.697	134.972	378.172	275.606	133.379	272.844	88.6036	459.218	599.468	448.029	0	0	-592.434	81.169	656.308	789.869	4369.98	1474.01	776.489	58.8711	658.537	-3132.2
10250	10.25	2.49489	2.47525	2.49718	25148.5	1	0	0	233.691	246.046	223.596	232.923	150.697	234.7	146.063	195.432	166.529	166.933	155.028	172.107	171.79	175.083	177.819	164.062	177.788	206.309	185.286	222.49	174.324	155.787	152.311	158.742	172.848	164.248	256.395	223.955	191.857	197.428	183.028	123.006	89.4764	18.3488	25.3302	19.1788	27.5487	32.1022	232.919	30.9678	78.883	86.1154	76.8647	72.4756	106.625	144.039	114.956	109.376	96.1556	150.249	80.4232	124.659	118.952	119.077	140.138	122.151	140.45	110.322	102.553	108.038	122.459	231.775	167.736	162.66	118.848	187.238	131.405	1018.58	16.3772	22.4278	27.9245	31.8884	0	0	0	242.468	497.838	1005.11	475.643	439.021	867.422	946.917	433.959	317.279	45.2351	33.079	31.0737	71.4082	11.9364	252.019	125.144	389.434	240.246	101.895	268.148	85.1124	416.856	507.491	465.481	0	0	-596.94	71.3495	683.118	806.141	4382.99	1459.42	743.206	51.6188	634.396	-3131.08
10500	10.5	2.42052	2.47525	2.41415	24398.8	1	0	0	226.633	248.748	256.294	257.173	140.387	143.088	194.03	152.87	136.663	166.432	181.702	223.415	196.454	208.691	209.361	192.556	154.454	184.207	192.505	161.474	173.67	161.842	144.666	186.224	163.425	163.586	210.662	230.92	207.022	253.253	218.504	117.525	57.0914	29.0195	15.6752	26.4952	11.7865	26.7236	178.17	19.4144	88.7464	147.084	121.946	96.2796	146.462	112.349	90.0666	113.539	125.617	160.185	127.79	105.892	105.366	124.572	105.908	124.4	147.072	92.1136	102.256	111.616	111.857	202.232	162.176	154.571	143.184	211.449	132.3	1051.09	23.1514	24.5133	33.0019	24.7091	0	0	0	232.688	477.279	1007.26	486.671	473.61	853.872	931.895	419.068	252.624	64.8259	45.2857	13.0995	101.15	32.9526	262.576	126.448	382.335	234.615	119.942	228.571	108.378	533.243	516.693	439.596	0	0	-605.779	86.4381	668.933	802.105	4387.98	1485	747.23	54.6722	622.015	-3106.32
10750	10.75	2.50667	2.47525	2.51032	25267.2	1	0	0	272.273	212.153	262.563	251.342	147.699	178.237	177.213	151.426	139.894	153.249	195.584	174.111	172.244	177.388	202.51	180.945	151.905	155.631	198.954	204.716	156.239	189.57	166.261	197.898	197.416	132.954	242.541	221.46	189.819	236.006	266.622	64.6998	62.0219	33.5671	24.6437	13.0616	31.0302	31.7536	259.564	24.3725	70.8538	68.9591	122.175	114.132	110.822	132.078	118.042	103.908	121.558	137.451	93.3788	80.6694	101.991	104.373	95.1567	115.943	130.447	101.145	91.3061	117.919	100.603	211.662	142.589	161.134	131.469	253.152	163.192	1051.14	39.649	18.9283	11.8041	20.7513	0	0	0	249.066	608.025	930.928	456.123	421.115	800.68	901.037	495.059	301.116	39.0106	54.1887	23.171	97.7633	20.3393	260.044	135.39	373.309	219.49	108.508	252.584	142.685	470.254	489.189	459.233	0	0	-614.266	96.5736	666.417	732.626	4382.04	1487.46	755.274	65.4312	606.105	-3133.73
11000	11	2.51527	2.47525	2.51992	25353.9	1	0	0	232.473	206.016	240.263	237.076	157.266	189.012	173.868	148.014	164.579	147.384	182.772	186.363	177.062	151.002	170.178	194.973	177.821	204.925	171.538	180.214	126.574	164.107	161.486	195.7	203.884	179.474	204.071	255.135	171.937	264.846	244.346	77.6942	100.943	17.4324	21.7272	18.5793	23.0268	29.1337	186.419	28.7374	102.427	103.143	96.3981	102.694	132.249	144.818	88.7809	94.659	100.958	86.0034	102.361	86.6391	124.579	99.9808	115.383	134.418	119.546	85.282	92.3929	127.344	126.739	218.093	143.714	153.523	165.237	212.04	132.536	1023.85	23.8739	10.7613	32.6774	37.2583	0	0	0	252.911	545.664	902.319	449.509	472.263	870.602	1006.57	424.06	321.617	60.4024	51.177	21.1145	57.4317	15.0121	219.957	113.563	367.225	236.202	115.971	220.012	129.253	395.066	522.474	440.986	0	0	-608.447	64.6199	673.397	788.203	4392.25	1513.75	805.026	61.8004	625.541	-3210.39
